source,target,synapses,type
ADAL,ADAL,6,chemical
ADAL,ADAR,3,electrical
ADAL,ADFL,5,electrical
ADAL,ADLL,2,chemical
ADAL,AIAL,2,chemical
ADAL,AIBL,2,chemical
ADAL,AIBR,2,chemical
ADAL,AVAL,3,chemical
ADAL,AVAR,7,chemical
ADAL,AVBL,5,chemical
ADAL,AVBR,21,chemical
ADAL,AVDL,1,chemical
ADAL,AVDR,2,chemical
ADAL,AVDR,2,electrical
ADAL,AVEL,3,chemical
ADAL,AVJR,11,chemical
ADAL,OLQVL,4,electrical
ADAL,PVPL,1,chemical
ADAL,PVQL,4,electrical
ADAL,RICL,3,chemical
ADAL,RICR,1,chemical
ADAL,RID,1,chemical
ADAL,RIML,9,chemical
ADAL,RIPL,4,chemical
ADAL,SMDVR,3,chemical
ADAL,URAVL,1,chemical
ADAL,URXL,2,chemical
ADAR,ADAL,3,electrical
ADAR,ADFR,4,electrical
ADAR,AIBL,1,chemical
ADAR,AIBR,3,chemical
ADAR,ASHR,2,chemical
ADAR,ASHR,3,electrical
ADAR,AVAR,8,chemical
ADAR,AVBL,8,chemical
ADAR,AVBR,15,chemical
ADAR,AVDL,2,chemical
ADAR,AVDL,3,electrical
ADAR,AVDR,3,chemical
ADAR,AVEL,1,chemical
ADAR,AVJL,13,chemical
ADAR,PVQR,2,electrical
ADAR,PVR,6,chemical
ADAR,RIFR,1,chemical
ADAR,RIMR,15,chemical
ADAR,RIPR,9,chemical
ADAR,RIVR,5,chemical
ADAR,SMDVL,1,chemical
ADAR,URXR,2,chemical
ADAR,URYDR,2,chemical
ADEL,ADAL,1,chemical
ADEL,ADER,5,chemical
ADEL,AINL,2,electrical
ADEL,ALML,1,chemical
ADEL,AVAL,7,chemical
ADEL,AVAR,9,chemical
ADEL,AVDL,2,chemical
ADEL,AVEL,3,chemical
ADEL,AVHL,2,chemical
ADEL,AVL,1,chemical
ADEL,BDUL,1,chemical
ADEL,CEPDL,1,chemical
ADEL,FLPL,4,chemical
ADEL,IL1L,3,chemical
ADEL,IL2L,5,chemical
ADEL,OLLL,6,chemical
ADEL,RIAL,2,chemical
ADEL,RIFL,1,chemical
ADEL,RIGL,18,chemical
ADEL,RIGR,15,chemical
ADEL,RIGR,1,electrical
ADEL,RIH,3,chemical
ADEL,RIVL,2,chemical
ADEL,RIVR,2,chemical
ADEL,RMDL,11,chemical
ADEL,RMER,1,chemical
ADEL,RMGL,7,chemical
ADEL,RMHL,1,chemical
ADEL,RMHR,2,chemical
ADEL,SAADR,1,chemical
ADEL,SIADR,2,chemical
ADEL,SIBVR,2,chemical
ADEL,SMBDR,1,chemical
ADEL,SMBVL,2,chemical
ADEL,URBL,2,chemical
ADEL,VB1,2,chemical
ADER,ADAR,1,chemical
ADER,ADEL,3,chemical
ADER,AINR,4,electrical
ADER,ALNR,1,chemical
ADER,ALNR,2,electrical
ADER,ASIR,1,chemical
ADER,AVAL,9,chemical
ADER,AVAR,4,chemical
ADER,AVDR,5,chemical
ADER,AVER,4,chemical
ADER,AVJR,1,chemical
ADER,AVJR,1,electrical
ADER,AVKL,4,electrical
ADER,CEPDR,5,chemical
ADER,CEPVR,1,chemical
ADER,FLPL,1,chemical
ADER,FLPR,4,chemical
ADER,FLPR,4,electrical
ADER,IL1R,1,chemical
ADER,IL2R,1,chemical
ADER,OLLR,3,chemical
ADER,PVQR,2,electrical
ADER,RIAR,1,chemical
ADER,RIGL,12,chemical
ADER,RIGR,11,chemical
ADER,RMDL,1,chemical
ADER,RMDR,6,chemical
ADER,RMGR,5,chemical
ADER,SMDVR,1,chemical
ADER,URBR,1,chemical
ADER,URXR,2,chemical
ADFL,ADAL,2,chemical
ADFL,ADAL,5,electrical
ADFL,ADLL,1,chemical
ADFL,AFDL,1,chemical
ADFL,AFDL,3,electrical
ADFL,AIAL,2,chemical
ADFL,AIBL,2,chemical
ADFL,AIBR,1,chemical
ADFL,AIZL,39,chemical
ADFL,AIZL,1,electrical
ADFL,ASHL,1,electrical
ADFL,AUAL,12,chemical
ADFL,AWBL,2,chemical
ADFL,AWCL,1,electrical
ADFL,AWCR,2,chemical
ADFL,RIAL,46,chemical
ADFL,RIAL,1,electrical
ADFL,RIBL,4,chemical
ADFL,RIGL,4,chemical
ADFL,RIGR,1,chemical
ADFL,RIPL,2,electrical
ADFL,RIR,4,chemical
ADFL,RIVL,1,chemical
ADFL,SMBDL,1,chemical
ADFL,SMBVL,9,chemical
ADFL,SMDVL,1,chemical
ADFL,URBL,1,electrical
ADFL,URXL,1,chemical
ADFR,ADAR,4,chemical
ADFR,ADAR,4,electrical
ADFR,ADFR,1,chemical
ADFR,AFDR,1,chemical
ADFR,AFDR,5,electrical
ADFR,AIAR,4,electrical
ADFR,AIYR,2,chemical
ADFR,AIZR,37,chemical
ADFR,ASGR,1,electrical
ADFR,ASHR,6,chemical
ADFR,AUAR,9,chemical
ADFR,AVHL,1,chemical
ADFR,AWAR,1,chemical
ADFR,AWAR,3,electrical
ADFR,AWBR,4,chemical
ADFR,AWBR,1,electrical
ADFR,AWCR,1,chemical
ADFR,BAGL,6,chemical
ADFR,OLQVR,1,chemical
ADFR,PVPR,1,chemical
ADFR,RIAR,61,chemical
ADFR,RIGR,24,chemical
ADFR,RIH,2,chemical
ADFR,RIH,1,electrical
ADFR,RIR,7,chemical
ADFR,SMBDR,2,chemical
ADFR,SMBVR,19,chemical
ADFR,SMBVR,1,electrical
ADFR,SMDVR,2,electrical
ADFR,URXR,10,chemical
ADFR,URYVR,2,chemical
ADLL,ADAL,1,chemical
ADLL,ADLR,6,electrical
ADLL,AIAL,19,chemical
ADLL,AIBL,26,chemical
ADLL,ALA,5,chemical
ADLL,ASEL,1,chemical
ADLL,ASER,12,chemical
ADLL,ASGL,2,chemical
ADLL,ASHL,6,chemical
ADLL,AVAL,9,chemical
ADLL,AVAR,5,chemical
ADLL,AVBL,12,chemical
ADLL,AVDL,4,chemical
ADLL,AVDR,15,chemical
ADLL,AVDR,2,electrical
ADLL,AVJL,3,chemical
ADLL,AVJR,9,chemical
ADLL,AWAL,1,chemical
ADLL,AWAL,1,electrical
ADLL,AWBL,3,chemical
ADLL,AWCL,2,chemical
ADLL,OLQVL,2,chemical
ADLL,RIAL,1,chemical
ADLL,RIGL,1,chemical
ADLL,RIPL,3,chemical
ADLL,RIR,1,chemical
ADLL,RMGL,3,electrical
ADLL,SMBVL,5,chemical
ADLR,ADAR,1,chemical
ADLR,ADLL,6,electrical
ADLR,ADLR,3,chemical
ADLR,AIAR,22,chemical
ADLR,AIBR,27,chemical
ADLR,ASER,2,chemical
ADLR,ASGR,1,electrical
ADLR,ASHR,4,chemical
ADLR,ASKR,1,electrical
ADLR,AVAR,8,chemical
ADLR,AVBL,3,chemical
ADLR,AVBR,7,chemical
ADLR,AVDL,26,chemical
ADLR,AVDR,3,chemical
ADLR,AVJL,2,chemical
ADLR,AVJR,3,chemical
ADLR,AWCR,7,chemical
ADLR,CEPVR,1,chemical
ADLR,OLLR,1,chemical
ADLR,OLQVR,1,chemical
ADLR,PVCL,3,chemical
ADLR,RICL,1,chemical
ADLR,RICR,5,chemical
ADLR,RIFR,2,chemical
ADLR,RIPR,2,chemical
ADLR,SIBVL,2,chemical
ADLR,SMBVR,5,chemical
ADLR,URBR,6,chemical
ADLR,URXR,8,chemical
AFDL,ADFL,3,electrical
AFDL,AFDL,1,chemical
AFDL,AFDR,1,electrical
AFDL,AIBL,1,chemical
AFDL,AIBL,2,electrical
AFDL,AINR,3,chemical
AFDL,AIYL,25,chemical
AFDL,AIYL,2,electrical
AFDL,ASEL,1,chemical
AFDL,ASEL,6,electrical
AFDL,ASER,1,chemical
AFDL,AVEL,1,electrical
AFDL,AWBL,4,chemical
AFDL,URBL,9,electrical
AFDR,ADFR,5,electrical
AFDR,AFDL,1,chemical
AFDR,AFDL,1,electrical
AFDR,AIYR,29,chemical
AFDR,ASEL,1,chemical
AFDR,ASEL,2,electrical
AFDR,ASER,4,chemical
AFDR,ASER,1,electrical
AFDR,ASHR,4,electrical
AFDR,AWCR,3,electrical
AFDR,RMDVR,1,electrical
AFDR,URBR,2,electrical
AIAL,ADAL,1,chemical
AIAL,ADFL,2,chemical
AIAL,ADLL,1,chemical
AIAL,AIAR,7,electrical
AIAL,AIBL,35,chemical
AIAL,AIBL,5,electrical
AIAL,AIML,6,chemical
AIAL,AIZL,4,chemical
AIAL,ASEL,5,chemical
AIAL,ASER,10,chemical
AIAL,ASGL,1,chemical
AIAL,ASHL,1,chemical
AIAL,ASIL,1,electrical
AIAL,ASIR,2,electrical
AIAL,ASJL,4,chemical
AIAL,ASJL,1,electrical
AIAL,ASKL,9,chemical
AIAL,ASKL,2,electrical
AIAL,AWBL,1,electrical
AIAL,AWCL,1,chemical
AIAL,AWCR,6,chemical
AIAL,AWCR,1,electrical
AIAL,PVQL,1,chemical
AIAL,RIFL,10,chemical
AIAL,RIR,2,chemical
AIAL,RMGL,2,chemical
AIAR,ADAR,4,chemical
AIAR,ADFR,4,electrical
AIAR,ADLR,10,chemical
AIAR,AIAL,7,electrical
AIAR,AIAR,2,electrical
AIAR,AIBR,33,chemical
AIAR,AIZR,2,chemical
AIAR,ASER,5,chemical
AIAR,ASGR,5,chemical
AIAR,ASGR,3,electrical
AIAR,ASHR,1,electrical
AIAR,ASIR,2,chemical
AIAR,ASIR,3,electrical
AIAR,ASKR,1,electrical
AIAR,AWAR,4,chemical
AIAR,AWAR,3,electrical
AIAR,AWCL,6,chemical
AIAR,AWCR,6,chemical
AIAR,AWCR,1,electrical
AIAR,RIFR,10,chemical
AIBL,AFDL,2,electrical
AIBL,AIAL,5,electrical
AIBL,AIBL,2,chemical
AIBL,AIZR,7,chemical
AIBL,AIZR,4,electrical
AIBL,ASHL,1,chemical
AIBL,ASHR,3,chemical
AIBL,ASKL,1,electrical
AIBL,AVAL,5,chemical
AIBL,AVBL,21,chemical
AIBL,AVEL,1,chemical
AIBL,DVC,2,electrical
AIBL,FLPL,1,chemical
AIBL,FLPL,1,electrical
AIBL,IL2DR,1,chemical
AIBL,RIBR,16,chemical
AIBL,RIFL,1,chemical
AIBL,RIGR,5,chemical
AIBL,RIGR,3,electrical
AIBL,RIML,1,chemical
AIBL,RIMR,56,chemical
AIBL,RIMR,1,electrical
AIBL,RIS,1,electrical
AIBL,RMED,2,electrical
AIBL,RMFR,6,chemical
AIBL,SAADL,6,chemical
AIBL,SAADR,10,chemical
AIBL,SAAVL,3,chemical
AIBL,SDQR,1,electrical
AIBL,SIADR,2,chemical
AIBL,SIADR,1,electrical
AIBL,SIAVR,2,chemical
AIBL,SIBDR,3,chemical
AIBL,SMDDR,16,chemical
AIBL,SMDDR,1,electrical
AIBL,SMDVR,4,chemical
AIBR,ADLR,1,chemical
AIBR,AIAR,1,chemical
AIBR,AIYR,1,chemical
AIBR,AIZL,3,electrical
AIBR,AQR,1,chemical
AIBR,ASKR,3,electrical
AIBR,AUAL,1,chemical
AIBR,AVAR,2,chemical
AIBR,AVBR,13,chemical
AIBR,AVEL,4,chemical
AIBR,AWCR,1,chemical
AIBR,DVA,1,chemical
AIBR,DVC,9,electrical
AIBR,PVPL,2,electrical
AIBR,PVT,1,electrical
AIBR,RIAL,2,chemical
AIBR,RIBL,11,chemical
AIBR,RICR,1,chemical
AIBR,RICR,1,electrical
AIBR,RIGL,1,chemical
AIBR,RIGL,3,electrical
AIBR,RIML,47,chemical
AIBR,RIML,2,electrical
AIBR,RIMR,5,chemical
AIBR,RIS,3,electrical
AIBR,RIVR,3,electrical
AIBR,RMFL,1,chemical
AIBR,SAADL,2,chemical
AIBR,SAADR,2,chemical
AIBR,SAAVR,1,chemical
AIBR,SIADL,1,chemical
AIBR,SIAVL,1,electrical
AIBR,SIBVR,2,chemical
AIBR,SMDDL,17,chemical
AIBR,SMDDL,2,electrical
AIBR,SMDVL,7,chemical
AIBR,VB1,3,chemical
AIML,AIAL,11,chemical
AIML,ALML,1,chemical
AIML,ASGL,8,chemical
AIML,ASGL,1,electrical
AIML,ASJL,2,chemical
AIML,ASKL,7,chemical
AIML,AVDL,1,chemical
AIML,AVFL,5,chemical
AIML,AVFR,4,chemical
AIML,AVHL,2,chemical
AIML,AVHR,1,chemical
AIML,AVJL,1,chemical
AIML,CEPDL,3,chemical
AIML,PVQL,1,chemical
AIML,RID,2,chemical
AIML,RIFL,2,chemical
AIML,RMGL,3,chemical
AIML,SIBVR,1,electrical
AIML,SMBVL,4,chemical
AIML,URXL,1,chemical
AIMR,ADFR,2,chemical
AIMR,AIAR,10,chemical
AIMR,AIMR,1,chemical
AIMR,ALA,2,chemical
AIMR,ASGR,6,chemical
AIMR,ASJR,4,chemical
AIMR,ASJR,1,electrical
AIMR,ASKR,4,chemical
AIMR,AVAR,1,chemical
AIMR,AVDR,2,chemical
AIMR,AVFL,3,chemical
AIMR,AVFR,4,chemical
AIMR,AVHR,2,chemical
AIMR,AVJR,1,chemical
AIMR,AVKR,3,electrical
AIMR,BDUR,2,chemical
AIMR,CEPVR,1,chemical
AIMR,CEPVR,1,electrical
AIMR,HSNL,3,chemical
AIMR,HSNR,3,chemical
AIMR,OLQDR,1,chemical
AIMR,PVNR,1,chemical
AIMR,RIFR,3,chemical
AIMR,RMDR,1,chemical
AIMR,RMGR,4,chemical
AIMR,SMBVR,1,electrical
AIMR,URXR,5,chemical
AINL,ADEL,2,electrical
AINL,AFDR,10,chemical
AINL,AIAR,1,chemical
AINL,AINR,1,electrical
AINL,ASEL,1,chemical
AINL,ASGR,1,chemical
AINL,ASGR,1,electrical
AINL,ASIL,11,chemical
AINL,AUAR,2,chemical
AINL,AUAR,1,electrical
AINL,BAGL,5,chemical
AINL,CEPVR,2,chemical
AINL,RIBL,2,chemical
AINL,RIBR,3,chemical
AINL,RID,2,chemical
AINL,RMDVL,3,chemical
AINL,RMFL,1,chemical
AINL,SAAVL,3,chemical
AINR,ADER,4,electrical
AINR,AFDL,9,chemical
AINR,AFDR,3,chemical
AINR,AIAL,2,chemical
AINR,AIBL,2,chemical
AINR,AINL,1,chemical
AINR,AINL,1,electrical
AINR,AINR,1,chemical
AINR,ASEL,1,chemical
AINR,ASER,3,chemical
AINR,ASGL,1,chemical
AINR,ASGL,1,electrical
AINR,ASIL,1,electrical
AINR,AUAL,1,chemical
AINR,AUAL,3,electrical
AINR,AUAR,2,chemical
AINR,AWCL,2,chemical
AINR,BAGL,3,electrical
AINR,BAGR,9,chemical
AINR,CEPDL,2,chemical
AINR,RIAL,2,electrical
AINR,RIBL,8,chemical
AINR,RID,2,chemical
AINR,URXL,2,chemical
AINR,URXR,2,chemical
AIYL,AFDL,2,chemical
AIYL,AFDL,2,electrical
AIYL,AIBL,3,chemical
AIYL,AIYR,4,electrical
AIYL,AIZL,67,chemical
AIYL,ASER,1,chemical
AIYL,AVKL,1,electrical
AIYL,AWAL,14,chemical
AIYL,AWCL,5,chemical
AIYL,AWCR,3,chemical
AIYL,HSNR,1,chemical
AIYL,RIAL,51,chemical
AIYL,RIBL,42,chemical
AIYL,RIH,1,chemical
AIYL,RIML,5,electrical
AIYL,RIR,1,chemical
AIYR,ADFR,1,chemical
AIYR,AFDR,1,chemical
AIYR,AINL,1,chemical
AIYR,AIYL,7,chemical
AIYR,AIYL,4,electrical
AIYR,AIZR,70,chemical
AIYR,ASEL,2,chemical
AIYR,ASER,4,chemical
AIYR,ASGR,2,chemical
AIYR,ASIR,1,electrical
AIYR,AUAR,1,electrical
AIYR,AWAR,1,chemical
AIYR,AWBR,1,chemical
AIYR,BAGR,1,chemical
AIYR,RIAR,50,chemical
AIYR,RIBR,60,chemical
AIYR,RIMR,3,electrical
AIYR,RIVR,1,chemical
AIZL,ADFL,1,chemical
AIZL,ADFL,1,electrical
AIZL,AFDL,1,chemical
AIZL,AIAL,12,chemical
AIZL,AIBL,10,chemical
AIZL,AIBR,53,chemical
AIZL,AIBR,3,electrical
AIZL,AIZR,18,electrical
AIZL,ASEL,4,chemical
AIZL,ASGL,3,electrical
AIZL,ASHL,2,electrical
AIZL,AVEL,3,chemical
AIZL,AVER,26,chemical
AIZL,AVKR,4,chemical
AIZL,AWAL,3,electrical
AIZL,AWCR,2,chemical
AIZL,DVA,1,chemical
AIZL,RIAL,29,chemical
AIZL,RICR,11,chemical
AIZL,RIGL,4,chemical
AIZL,RIGL,1,electrical
AIZL,RIH,1,electrical
AIZL,RIML,35,chemical
AIZL,SMBDL,24,chemical
AIZL,SMBVL,21,chemical
AIZL,SMDVL,3,chemical
AIZL,URYDL,3,chemical
AIZL,VB2,1,chemical
AIZR,ADFR,1,chemical
AIZR,AIAR,5,chemical
AIZR,AIBL,50,chemical
AIZR,AIBL,4,electrical
AIZR,AIBR,3,chemical
AIZR,AIZL,18,electrical
AIZR,ASER,2,chemical
AIZR,ASGR,1,electrical
AIZR,ASHR,6,electrical
AIZR,AVEL,28,chemical
AIZR,AVER,1,chemical
AIZR,AWAR,1,chemical
AIZR,AWAR,3,electrical
AIZR,AWCR,2,chemical
AIZR,DVA,3,chemical
AIZR,RIAR,25,chemical
AIZR,RIMR,34,chemical
AIZR,SIADR,1,chemical
AIZR,SIBVL,1,electrical
AIZR,SMBDR,17,chemical
AIZR,SMBVR,10,chemical
AIZR,SMDDR,4,chemical
ALA,ASJL,2,electrical
ALA,ASJR,4,chemical
ALA,ASKR,1,electrical
ALA,AVAL,1,electrical
ALA,AVAR,3,chemical
ALA,AVDR,1,chemical
ALA,AVEL,8,chemical
ALA,AVER,4,chemical
ALA,AVER,3,electrical
ALA,HSNR,1,electrical
ALA,RIAR,2,chemical
ALA,RID,4,electrical
ALA,RMDR,3,chemical
ALML,AIML,1,chemical
ALML,ALML,1,chemical
ALML,AVDR,3,chemical
ALML,AVEL,3,chemical
ALML,AVM,7,electrical
ALML,BDUL,15,chemical
ALML,BDUL,23,electrical
ALML,CEPDL,2,chemical
ALML,CEPVL,3,chemical
ALML,PVCL,11,chemical
ALML,PVCR,4,chemical
ALML,PVR,3,electrical
ALML,RICL,2,chemical
ALML,RICR,3,chemical
ALML,RIFL,2,chemical
ALML,RMDDR,1,chemical
ALML,RMDDR,2,electrical
ALML,RMGL,3,chemical
ALML,RMGL,3,electrical
ALML,SDQL,2,chemical
ALML,SMBDR,2,chemical
ALML,SMBDR,1,electrical
ALMR,AVDR,2,electrical
ALMR,AVM,16,electrical
ALMR,BDUR,14,chemical
ALMR,BDUR,23,electrical
ALMR,CEPDR,1,chemical
ALMR,CEPVR,3,chemical
ALMR,PVCR,10,chemical
ALMR,PVR,3,electrical
ALMR,RMDDL,1,chemical
ALMR,SDQR,2,electrical
ALMR,SIADL,1,chemical
ALMR,SMDDL,1,chemical
ALMR,URBR,1,chemical
ALNL,RIAL,1,chemical
ALNL,RMDDR,1,chemical
ALNL,RMGL,1,chemical
ALNL,RMHL,1,chemical
ALNL,SAAVL,8,chemical
ALNL,SIADR,1,chemical
ALNL,SMBDR,7,chemical
ALNL,SMBDR,3,electrical
ALNL,SMDDR,2,electrical
ALNL,SMDVL,1,chemical
ALNL,SMDVL,1,electrical
ALNR,ADER,1,chemical
ALNR,ADER,2,electrical
ALNR,AVAL,6,chemical
ALNR,IL2DR,7,chemical
ALNR,PVR,16,electrical
ALNR,RIML,5,chemical
ALNR,RMGR,1,electrical
ALNR,SAAVR,3,chemical
ALNR,SMBDL,4,chemical
ALNR,SMDDL,1,electrical
ALNR,SMDDR,1,chemical
ALNR,SMDVL,2,chemical
AQR,AVAL,4,chemical
AQR,AVAR,6,chemical
AQR,AVBL,7,chemical
AQR,AVBL,3,electrical
AQR,AVBR,12,chemical
AQR,AVDL,3,chemical
AQR,AVDR,2,chemical
AQR,AVJL,3,chemical
AQR,AVKL,7,electrical
AQR,AVKR,2,electrical
AQR,BAGL,8,chemical
AQR,BAGR,5,chemical
AQR,DVA,6,chemical
AQR,PVCL,1,chemical
AQR,PVCR,4,chemical
AQR,PVPL,3,chemical
AQR,PVPL,41,electrical
AQR,PVPR,1,chemical
AQR,PVPR,61,electrical
AQR,RIAL,8,chemical
AQR,RIAR,4,chemical
AQR,RIGL,1,chemical
AQR,RIGR,3,electrical
AQR,RIR,1,chemical
AQR,URXL,5,chemical
AS1,AS1,3,chemical
AS1,AVEL,2,electrical
AS1,AVER,1,electrical
AS1,DA1,8,chemical
AS1,DB1,3,chemical
AS1,DD1,2,chemical
AS1,FLPR,1,electrical
AS1,VA3,3,electrical
AS1,VA6,3,electrical
AS1,VD1,20,chemical
AS1,VD2,23,electrical
AS10,AVAL,5,electrical
AS10,AVAR,2,electrical
AS10,AVBL,1,electrical
AS10,AVHL,1,electrical
AS10,AVKL,1,electrical
AS10,DA7,1,electrical
AS10,DA9,1,electrical
AS10,DB7,1,electrical
AS10,VA12,3,electrical
AS10,VD10,10,chemical
AS10,VD11,10,chemical
AS11,AVAR,3,electrical
AS11,AVFL,2,electrical
AS11,AVG,1,electrical
AS11,AVHL,3,electrical
AS11,AVHR,17,electrical
AS11,AVKL,1,electrical
AS11,DA8,1,electrical
AS11,DD6,6,chemical
AS11,DVA,1,electrical
AS11,DVB,4,electrical
AS11,PDB,4,electrical
AS11,PVPL,6,electrical
AS11,VA11,1,electrical
AS11,VB11,1,electrical
AS11,VD12,20,chemical
AS11,VD13,4,chemical
AS2,DA2,2,electrical
AS2,DB1,1,chemical
AS2,DD1,3,chemical
AS2,RID,2,chemical
AS2,VA3,2,electrical
AS2,VA4,9,electrical
AS2,VD2,21,chemical
AS3,AVAR,1,electrical
AS3,DA3,1,chemical
AS3,VD3,23,chemical
AS4,DA2,1,electrical
AS4,DA3,2,chemical
AS4,DA3,4,electrical
AS4,DB2,2,chemical
AS4,DD1,2,chemical
AS4,DD2,4,chemical
AS4,VD4,21,chemical
AS5,AS5,3,chemical
AS5,AVAR,3,electrical
AS5,AVBR,2,electrical
AS5,VD5,12,chemical
AS6,AVAR,2,electrical
AS6,AVBL,1,electrical
AS6,AVBR,1,electrical
AS6,DA5,1,chemical
AS6,DA5,5,electrical
AS6,DB4,1,chemical
AS6,VD6,20,chemical
AS7,VD7,20,chemical
AS8,VD8,20,chemical
AS9,VD9,20,chemical
ASEL,ADFR,1,chemical
ASEL,AFDL,6,electrical
ASEL,AFDR,3,chemical
ASEL,AFDR,2,electrical
ASEL,AIAL,6,chemical
ASEL,AIBL,16,chemical
ASEL,AIBR,13,chemical
ASEL,AIYL,32,chemical
ASEL,AIYR,21,chemical
ASEL,AIZL,1,chemical
ASEL,ASER,2,chemical
ASEL,ASGL,3,electrical
ASEL,ASJL,1,chemical
ASEL,AWBL,1,chemical
ASEL,AWCL,16,chemical
ASEL,AWCL,1,electrical
ASEL,AWCR,11,chemical
ASEL,AWCR,2,electrical
ASEL,IL2R,1,chemical
ASEL,OLLR,1,chemical
ASEL,RIAR,2,chemical
ASEL,RIR,1,chemical
ASER,ADLL,4,chemical
ASER,ADLR,1,chemical
ASER,AFDL,2,chemical
ASER,AFDR,3,chemical
ASER,AFDR,1,electrical
ASER,AIAL,8,chemical
ASER,AIAR,4,chemical
ASER,AIBL,4,chemical
ASER,AIBR,32,chemical
ASER,AIYL,9,chemical
ASER,AIYR,38,chemical
ASER,AIZL,1,chemical
ASER,ASEL,3,chemical
ASER,ASGR,3,electrical
ASER,ASHR,2,chemical
ASER,ASKL,1,chemical
ASER,AWAR,1,chemical
ASER,AWBR,1,electrical
ASER,AWCL,1,chemical
ASER,AWCR,1,chemical
ASER,PVQR,1,electrical
ASGL,AIAL,46,chemical
ASGL,AIBL,17,chemical
ASGL,AIML,1,electrical
ASGL,AINR,2,chemical
ASGL,AINR,1,electrical
ASGL,AIZL,3,electrical
ASGL,ASEL,3,electrical
ASGL,ASKL,2,chemical
ASGL,AWBL,1,electrical
ASGL,RIVL,2,electrical
ASGR,ADFR,1,electrical
ASGR,ADLR,1,electrical
ASGR,AIAR,51,chemical
ASGR,AIAR,3,electrical
ASGR,AIBR,20,chemical
ASGR,AINL,1,electrical
ASGR,AIYR,1,chemical
ASGR,AIZR,1,electrical
ASGR,ASER,3,chemical
ASGR,ASER,3,electrical
ASGR,ASIR,4,electrical
ASGR,AWCR,2,electrical
ASGR,RIFR,14,chemical
ASHL,ADAL,2,chemical
ASHL,ADFL,6,chemical
ASHL,ADFL,1,electrical
ASHL,ADLL,6,chemical
ASHL,AIAL,24,chemical
ASHL,AIBL,13,chemical
ASHL,AIZL,3,chemical
ASHL,AIZL,2,electrical
ASHL,ASHR,7,electrical
ASHL,ASKL,1,chemical
ASHL,ASKL,18,electrical
ASHL,AVAL,15,chemical
ASHL,AVAR,1,chemical
ASHL,AVBL,14,chemical
ASHL,AVDL,7,chemical
ASHL,AVDR,20,chemical
ASHL,AVFL,2,chemical
ASHL,AVHR,2,chemical
ASHL,HSNL,2,chemical
ASHL,RIAL,9,chemical
ASHL,RICL,5,electrical
ASHL,RIML,4,chemical
ASHL,RIPL,4,chemical
ASHL,RIR,4,chemical
ASHL,RMGL,3,electrical
ASHL,URXL,2,chemical
ASHR,ADAR,5,chemical
ASHR,ADAR,3,electrical
ASHR,ADFR,3,chemical
ASHR,ADLR,13,chemical
ASHR,AFDR,4,electrical
ASHR,AIAR,28,chemical
ASHR,AIAR,1,electrical
ASHR,AIBR,7,chemical
ASHR,AIZR,6,electrical
ASHR,ASHL,7,electrical
ASHR,ASHR,2,chemical
ASHR,ASKR,2,electrical
ASHR,AVAR,10,chemical
ASHR,AVAR,2,electrical
ASHR,AVBR,6,chemical
ASHR,AVDL,27,chemical
ASHR,AVDR,2,chemical
ASHR,AVER,7,chemical
ASHR,AVER,1,electrical
ASHR,AVHL,1,chemical
ASHR,AVHL,2,electrical
ASHR,AWAR,1,chemical
ASHR,AWBL,1,chemical
ASHR,HSNL,4,chemical
ASHR,HSNR,5,chemical
ASHR,PVCL,3,chemical
ASHR,PVPR,1,chemical
ASHR,RIAR,3,chemical
ASHR,RICR,4,electrical
ASHR,RMGR,6,chemical
ASHR,RMGR,3,electrical
ASHR,SMBVR,7,chemical
ASIL,ADFL,1,chemical
ASIL,AIAL,2,chemical
ASIL,AIAL,1,electrical
ASIL,AIBL,3,chemical
ASIL,AINR,1,electrical
ASIL,AIYL,3,chemical
ASIL,AIYR,2,chemical
ASIL,AIZL,1,chemical
ASIL,ASER,8,chemical
ASIL,ASGL,3,chemical
ASIL,ASKL,3,chemical
ASIL,AWAR,2,chemical
ASIL,AWCL,3,chemical
ASIL,AWCR,4,chemical
ASIL,CEPVR,1,chemical
ASIL,RIAL,3,chemical
ASIL,RIBL,1,chemical
ASIL,RMFL,1,chemical
ASIL,SAAVL,2,chemical
ASIR,ADLR,1,chemical
ASIR,AIAL,1,chemical
ASIR,AIAL,2,electrical
ASIR,AIAR,4,chemical
ASIR,AIAR,3,electrical
ASIR,AIBR,3,chemical
ASIR,AIYR,1,electrical
ASIR,ASEL,2,chemical
ASIR,ASER,2,chemical
ASIR,ASGR,3,chemical
ASIR,ASGR,4,electrical
ASIR,ASHR,2,chemical
ASIR,AWAR,1,chemical
ASIR,AWCL,2,chemical
ASIR,AWCR,5,chemical
ASIR,CEPVR,1,chemical
ASJL,AIAL,1,electrical
ASJL,ALA,3,chemical
ASJL,ALA,2,electrical
ASJL,ASJR,1,chemical
ASJL,ASJR,7,electrical
ASJL,ASKL,12,chemical
ASJL,ASKR,1,chemical
ASJL,CEPDL,1,chemical
ASJL,HSNL,1,chemical
ASJL,HSNR,1,chemical
ASJL,IL2L,1,electrical
ASJL,PVQL,34,chemical
ASJL,PVQL,1,electrical
ASJL,RIVL,1,electrical
ASJR,AIMR,1,electrical
ASJR,ASJL,7,electrical
ASJR,ASKR,12,chemical
ASJR,HSNR,1,chemical
ASJR,PVQR,19,chemical
ASJR,PVQR,5,electrical
ASKL,AIAL,29,chemical
ASKL,AIAL,2,electrical
ASKL,AIBL,9,chemical
ASKL,AIBL,1,electrical
ASKL,AIML,5,chemical
ASKL,ASER,4,chemical
ASKL,ASHL,18,electrical
ASKL,ASJL,1,chemical
ASKL,ASKR,9,electrical
ASKL,AVHL,8,electrical
ASKL,HSNL,1,electrical
ASKL,PVQL,8,electrical
ASKR,ADLR,3,chemical
ASKR,ADLR,1,electrical
ASKR,AIAL,1,chemical
ASKR,AIAR,35,chemical
ASKR,AIAR,1,electrical
ASKR,AIBR,2,chemical
ASKR,AIBR,3,electrical
ASKR,AIMR,5,chemical
ASKR,ALA,1,chemical
ASKR,ALA,1,electrical
ASKR,ASER,1,chemical
ASKR,ASGR,1,chemical
ASKR,ASHR,2,electrical
ASKR,ASKL,9,electrical
ASKR,ASKR,2,electrical
ASKR,AVHR,10,electrical
ASKR,AWAR,2,chemical
ASKR,CEPVR,2,chemical
ASKR,HSNL,1,chemical
ASKR,HSNR,3,electrical
ASKR,PVQR,25,electrical
ASKR,RIFR,1,chemical
ASKR,RMGR,1,electrical
AUAL,ADFL,1,chemical
AUAL,AIBR,1,chemical
AUAL,AINR,3,electrical
AUAL,AIYL,1,chemical
AUAL,AIZL,2,chemical
AUAL,AUAR,2,electrical
AUAL,AVAL,11,chemical
AUAL,AVDR,2,chemical
AUAL,AVEL,9,chemical
AUAL,AWBL,4,electrical
AUAL,AWCL,1,electrical
AUAL,BAGR,3,chemical
AUAL,DVA,2,chemical
AUAL,RIAL,21,chemical
AUAL,RIBL,35,chemical
AUAL,RMDVL,2,electrical
AUAL,URXL,1,chemical
AUAR,AINL,1,chemical
AUAR,AINL,1,electrical
AUAR,AINR,1,chemical
AUAR,AIYR,1,chemical
AUAR,AIYR,1,electrical
AUAR,AIZR,2,chemical
AUAR,AUAL,2,electrical
AUAR,AVAR,3,chemical
AUAR,AVER,13,chemical
AUAR,AWBR,3,electrical
AUAR,BAGL,1,chemical
AUAR,RIAR,22,chemical
AUAR,RIBR,31,chemical
AUAR,URXR,5,chemical
AUAR,URXR,3,electrical
AVAL,ALA,1,electrical
AVAL,AS10,5,chemical
AVAL,AS10,5,electrical
AVAL,AS11,8,chemical
AVAL,AS2,2,chemical
AVAL,AS4,2,chemical
AVAL,AS5,6,chemical
AVAL,AS7,6,chemical
AVAL,AS8,6,chemical
AVAL,AS9,11,chemical
AVAL,AVAR,12,chemical
AVAL,AVAR,18,electrical
AVAL,AVBL,2,chemical
AVAL,AVDL,3,chemical
AVAL,AVDL,7,electrical
AVAL,AVDR,2,chemical
AVAL,AVDR,9,electrical
AVAL,AVEL,1,chemical
AVAL,AVEL,2,electrical
AVAL,AVER,2,chemical
AVAL,AVJL,7,electrical
AVAL,AVJR,4,electrical
AVAL,DA1,6,chemical
AVAL,DA1,2,electrical
AVAL,DA2,10,chemical
AVAL,DA2,7,electrical
AVAL,DA3,12,chemical
AVAL,DA3,6,electrical
AVAL,DA4,12,chemical
AVAL,DA4,2,electrical
AVAL,DA5,14,chemical
AVAL,DA5,2,electrical
AVAL,DA6,4,electrical
AVAL,DA7,4,chemical
AVAL,DA7,10,electrical
AVAL,DA8,5,chemical
AVAL,DA8,8,electrical
AVAL,DA9,3,chemical
AVAL,DA9,1,electrical
AVAL,DB7,2,chemical
AVAL,LUAL,6,chemical
AVAL,LUAL,2,electrical
AVAL,LUAR,2,chemical
AVAL,LUAR,2,electrical
AVAL,PHCL,1,electrical
AVAL,PHCR,3,electrical
AVAL,PVCL,21,chemical
AVAL,PVCL,5,electrical
AVAL,PVCR,16,chemical
AVAL,PVCR,15,electrical
AVAL,PVDR,6,electrical
AVAL,PVNL,1,chemical
AVAL,PVNL,1,electrical
AVAL,PVPL,1,electrical
AVAL,PVPR,2,electrical
AVAL,RIAL,3,chemical
AVAL,RIMR,11,electrical
AVAL,SABD,7,electrical
AVAL,SABVL,2,chemical
AVAL,SABVR,8,electrical
AVAL,URYDL,2,electrical
AVAL,URYVR,2,electrical
AVAL,VA1,2,chemical
AVAL,VA1,5,electrical
AVAL,VA10,9,chemical
AVAL,VA10,6,electrical
AVAL,VA11,6,chemical
AVAL,VA11,2,electrical
AVAL,VA12,5,chemical
AVAL,VA2,8,chemical
AVAL,VA2,13,electrical
AVAL,VA3,6,chemical
AVAL,VA3,6,electrical
AVAL,VA4,7,chemical
AVAL,VA4,6,electrical
AVAL,VA5,7,chemical
AVAL,VA5,4,electrical
AVAL,VA6,8,chemical
AVAL,VA6,13,electrical
AVAL,VA7,7,chemical
AVAL,VA7,2,electrical
AVAL,VA8,7,chemical
AVAL,VA8,2,electrical
AVAL,VA9,7,chemical
AVAL,VA9,5,electrical
AVAL,VB11,2,electrical
AVAR,AS1,2,chemical
AVAR,AS10,2,electrical
AVAR,AS11,10,chemical
AVAR,AS11,3,electrical
AVAR,AS2,3,chemical
AVAR,AS3,1,electrical
AVAR,AS4,2,chemical
AVAR,AS5,1,chemical
AVAR,AS5,3,electrical
AVAR,AS6,2,chemical
AVAR,AS6,2,electrical
AVAR,AS7,6,chemical
AVAR,AS8,10,chemical
AVAR,AS9,10,chemical
AVAR,ASHR,2,electrical
AVAR,AVAL,7,chemical
AVAR,AVAL,18,electrical
AVAR,AVBL,3,chemical
AVAR,AVBL,3,electrical
AVAR,AVBR,4,chemical
AVAR,AVDL,3,chemical
AVAR,AVDL,2,electrical
AVAR,AVDR,6,chemical
AVAR,AVDR,15,electrical
AVAR,AVER,3,chemical
AVAR,AVER,2,electrical
AVAR,AVJR,3,electrical
AVAR,DA1,2,chemical
AVAR,DA1,9,electrical
AVAR,DA2,9,chemical
AVAR,DA2,3,electrical
AVAR,DA3,8,chemical
AVAR,DA3,7,electrical
AVAR,DA4,9,chemical
AVAR,DA4,2,electrical
AVAR,DA5,9,chemical
AVAR,DA5,5,electrical
AVAR,DA6,4,chemical
AVAR,DA6,4,electrical
AVAR,DA7,6,chemical
AVAR,DA8,20,chemical
AVAR,DA8,5,electrical
AVAR,DA9,3,chemical
AVAR,DA9,4,electrical
AVAR,DB2,2,chemical
AVAR,DB3,2,chemical
AVAR,LUAL,4,chemical
AVAR,LUAR,16,chemical
AVAR,LUAR,4,electrical
AVAR,PHBL,1,electrical
AVAR,PHCR,1,electrical
AVAR,PVCL,20,chemical
AVAR,PVCL,10,electrical
AVAR,PVCR,20,chemical
AVAR,PVCR,22,electrical
AVAR,PVDL,4,electrical
AVAR,PVT,2,electrical
AVAR,PVWR,2,electrical
AVAR,RIGL,1,chemical
AVAR,RIML,8,electrical
AVAR,RIMR,2,electrical
AVAR,RMDR,2,electrical
AVAR,RMDVR,1,electrical
AVAR,SAAVR,6,chemical
AVAR,SAAVR,1,electrical
AVAR,SABVL,15,electrical
AVAR,SABVR,2,chemical
AVAR,SABVR,2,electrical
AVAR,SMDVR,1,chemical
AVAR,URYDR,5,electrical
AVAR,VA1,7,electrical
AVAR,VA10,4,chemical
AVAR,VA10,4,electrical
AVAR,VA11,13,chemical
AVAR,VA11,16,electrical
AVAR,VA12,3,electrical
AVAR,VA2,5,chemical
AVAR,VA3,6,chemical
AVAR,VA3,3,electrical
AVAR,VA4,6,chemical
AVAR,VA4,3,electrical
AVAR,VA5,2,chemical
AVAR,VA5,5,electrical
AVAR,VA6,9,chemical
AVAR,VA7,7,chemical
AVAR,VA7,5,electrical
AVAR,VA8,7,chemical
AVAR,VA8,2,electrical
AVAR,VA9,7,chemical
AVAR,VA9,4,electrical
AVAR,VD11,1,electrical
AVBL,AQR,3,electrical
AVBL,AS10,2,chemical
AVBL,AS10,1,electrical
AVBL,AS4,1,chemical
AVBL,AS5,2,chemical
AVBL,AS6,1,electrical
AVBL,AVAL,9,chemical
AVBL,AVAR,14,chemical
AVBL,AVAR,3,electrical
AVBL,AVBR,6,chemical
AVBL,AVBR,17,electrical
AVBL,AVDR,3,chemical
AVBL,AVER,1,chemical
AVBL,AVJR,1,chemical
AVBL,AVL,1,chemical
AVBL,DA5,1,chemical
AVBL,DA7,1,chemical
AVBL,DB2,4,electrical
AVBL,DB3,9,electrical
AVBL,DB4,4,electrical
AVBL,DB5,3,electrical
AVBL,DB6,4,electrical
AVBL,DB7,13,electrical
AVBL,DVA,2,chemical
AVBL,DVA,11,electrical
AVBL,PVCR,2,chemical
AVBL,PVNR,3,chemical
AVBL,PVNR,5,electrical
AVBL,PVPR,3,chemical
AVBL,RIBL,6,electrical
AVBL,RIBR,2,electrical
AVBL,RID,2,electrical
AVBL,SDQL,1,chemical
AVBL,SDQR,1,electrical
AVBL,SIBVL,2,electrical
AVBL,VA10,1,chemical
AVBL,VA11,1,electrical
AVBL,VA2,3,chemical
AVBL,VB1,1,electrical
AVBL,VB10,4,electrical
AVBL,VB11,5,electrical
AVBL,VB2,3,chemical
AVBL,VB2,14,electrical
AVBL,VB4,3,electrical
AVBL,VB5,3,electrical
AVBL,VB6,3,electrical
AVBL,VB7,4,electrical
AVBL,VB8,4,electrical
AVBL,VB9,3,electrical
AVBL,VC3,3,chemical
AVBR,AIBR,1,chemical
AVBR,AS1,2,chemical
AVBR,AS10,1,chemical
AVBR,AS3,3,chemical
AVBR,AS4,1,chemical
AVBR,AS5,2,electrical
AVBR,AS6,1,electrical
AVBR,AVAL,10,chemical
AVBR,AVAR,14,chemical
AVBR,AVBL,2,chemical
AVBR,AVBL,17,electrical
AVBR,AVDL,4,chemical
AVBR,AVER,2,chemical
AVBR,AVJL,2,chemical
AVBR,AVJR,3,electrical
AVBR,DA3,3,chemical
AVBR,DA4,1,chemical
AVBR,DA7,1,chemical
AVBR,DB1,15,electrical
AVBR,DB2,3,electrical
AVBR,DB3,2,electrical
AVBR,DB4,1,chemical
AVBR,DB4,5,electrical
AVBR,DB5,4,electrical
AVBR,DB6,3,electrical
AVBR,DB7,3,electrical
AVBR,DVA,3,electrical
AVBR,HSNR,1,chemical
AVBR,PVNL,7,electrical
AVBR,PVNR,2,electrical
AVBR,PVPR,1,electrical
AVBR,RIBL,3,electrical
AVBR,RIBR,3,electrical
AVBR,RID,7,electrical
AVBR,SIBDL,2,electrical
AVBR,VA11,3,electrical
AVBR,VA3,3,chemical
AVBR,VA4,2,chemical
AVBR,VB10,3,electrical
AVBR,VB11,6,electrical
AVBR,VB2,6,electrical
AVBR,VB3,7,electrical
AVBR,VB4,5,electrical
AVBR,VB5,3,electrical
AVBR,VB6,4,electrical
AVBR,VB7,3,electrical
AVBR,VB8,3,electrical
AVBR,VB9,4,electrical
AVBR,VD3,2,chemical
AVDL,ADAR,3,electrical
AVDL,AS10,1,chemical
AVDL,AS11,4,chemical
AVDL,AS4,2,chemical
AVDL,AVAL,37,chemical
AVDL,AVAL,7,electrical
AVDL,AVAR,37,chemical
AVDL,AVAR,2,electrical
AVDL,AVDR,5,chemical
AVDL,AVDR,6,electrical
AVDL,AVEL,5,chemical
AVDL,AVHL,2,electrical
AVDL,AVJL,1,chemical
AVDL,AVJR,1,electrical
AVDL,AVM,8,electrical
AVDL,DA1,4,chemical
AVDL,DA2,2,chemical
AVDL,DA3,9,chemical
AVDL,DA4,3,chemical
AVDL,DA5,1,chemical
AVDL,DA8,2,chemical
AVDL,DVC,2,chemical
AVDL,FLPL,5,electrical
AVDL,FLPR,9,electrical
AVDL,LUAL,2,chemical
AVDL,PQR,2,electrical
AVDL,PVCL,1,chemical
AVDL,PVNR,1,electrical
AVDL,PVT,1,electrical
AVDL,RIFL,1,electrical
AVDL,SABD,5,chemical
AVDL,SABVL,2,chemical
AVDL,SABVR,5,chemical
AVDL,VA10,2,chemical
AVDL,VA10,1,electrical
AVDL,VA12,1,chemical
AVDL,VA3,3,chemical
AVDL,VA5,1,chemical
AVDR,ADAL,2,electrical
AVDR,ADLL,2,electrical
AVDR,ALA,1,chemical
AVDR,ALMR,2,electrical
AVDR,AS10,2,chemical
AVDR,AS11,3,chemical
AVDR,AVAL,41,chemical
AVDR,AVAL,9,electrical
AVDR,AVAR,52,chemical
AVDR,AVAR,15,electrical
AVDR,AVBL,1,chemical
AVDR,AVDL,3,chemical
AVDR,AVDL,6,electrical
AVDR,AVER,2,chemical
AVDR,AVJL,6,electrical
AVDR,AVJR,1,chemical
AVDR,DA1,5,chemical
AVDR,DA2,5,chemical
AVDR,DA3,3,chemical
AVDR,DA4,2,chemical
AVDR,DA5,3,chemical
AVDR,DA8,1,chemical
AVDR,DB1,1,chemical
AVDR,DB4,1,chemical
AVDR,DVC,4,chemical
AVDR,FLPR,2,electrical
AVDR,LUAL,3,chemical
AVDR,PQR,3,chemical
AVDR,PQR,3,electrical
AVDR,PVCR,2,chemical
AVDR,PVCR,2,electrical
AVDR,PVNL,1,electrical
AVDR,PVNR,1,electrical
AVDR,PVWR,1,electrical
AVDR,SABD,1,chemical
AVDR,SABVL,5,chemical
AVDR,SABVR,1,chemical
AVDR,SIADL,1,electrical
AVDR,VA11,1,chemical
AVDR,VA2,1,chemical
AVDR,VA3,2,chemical
AVDR,VA5,3,chemical
AVEL,AFDL,1,electrical
AVEL,ALML,1,chemical
AVEL,AS1,3,chemical
AVEL,AS1,2,electrical
AVEL,AVAL,17,chemical
AVEL,AVAL,2,electrical
AVEL,AVAR,3,chemical
AVEL,AVDL,5,chemical
AVEL,AVER,5,electrical
AVEL,AVL,1,electrical
AVEL,BAGR,1,electrical
AVEL,DA1,11,chemical
AVEL,DA2,5,chemical
AVEL,DA3,6,chemical
AVEL,DB3,1,chemical
AVEL,PVCL,1,chemical
AVEL,PVCR,2,chemical
AVEL,PVPR,1,electrical
AVEL,PVT,1,chemical
AVEL,RIML,10,electrical
AVEL,RIMR,7,electrical
AVEL,RIS,3,electrical
AVEL,RMDVR,2,electrical
AVEL,RMEV,1,electrical
AVEL,RMGL,2,chemical
AVEL,RMGL,2,electrical
AVEL,SABD,18,chemical
AVEL,SABVL,16,chemical
AVEL,SABVR,12,chemical
AVEL,SMDVR,1,electrical
AVEL,VA1,12,chemical
AVEL,VA3,1,chemical
AVEL,VD2,1,chemical
AVEL,VD3,1,chemical
AVER,AIZR,1,chemical
AVER,ALA,3,electrical
AVER,AS1,6,chemical
AVER,AS1,1,electrical
AVER,AS2,4,chemical
AVER,AS3,1,chemical
AVER,ASHR,1,electrical
AVER,AVAL,14,chemical
AVER,AVAR,33,chemical
AVER,AVAR,2,electrical
AVER,AVDL,4,chemical
AVER,AVDR,4,chemical
AVER,AVEL,3,chemical
AVER,AVEL,5,electrical
AVER,AVKR,1,electrical
AVER,CEPDL,1,chemical
AVER,DA1,11,chemical
AVER,DA1,1,electrical
AVER,DA2,7,chemical
AVER,DA3,3,chemical
AVER,DB3,1,chemical
AVER,OLLL,1,chemical
AVER,RIFL,1,electrical
AVER,RIML,9,electrical
AVER,RIMR,1,chemical
AVER,RIMR,11,electrical
AVER,RMDDL,2,electrical
AVER,RMDR,5,electrical
AVER,RMDVL,1,electrical
AVER,RMDVR,7,electrical
AVER,RMEV,1,electrical
AVER,RMGR,1,chemical
AVER,SABD,1,chemical
AVER,SABVL,12,chemical
AVER,SABVR,11,chemical
AVER,SMDDR,1,electrical
AVER,URXR,1,chemical
AVER,VA1,5,chemical
AVER,VA2,4,chemical
AVER,VA3,1,chemical
AVER,VA4,2,chemical
AVFL,AIML,1,chemical
AVFL,AS10,1,chemical
AVFL,AS11,2,electrical
AVFL,AVBL,4,chemical
AVFL,AVBR,1,chemical
AVFL,AVFR,12,chemical
AVFL,AVFR,31,electrical
AVFL,AVG,5,chemical
AVFL,AVG,1,electrical
AVFL,AVHL,4,chemical
AVFL,AVHL,4,electrical
AVFL,AVHR,1,chemical
AVFL,AVHR,5,electrical
AVFL,AVJL,2,chemical
AVFL,AVL,5,chemical
AVFL,DVB,1,chemical
AVFL,HSNL,2,chemical
AVFL,HSNR,3,chemical
AVFL,PVCL,1,electrical
AVFL,PVNL,1,chemical
AVFL,PVNR,1,electrical
AVFL,PVPL,2,electrical
AVFL,PVPR,1,electrical
AVFL,PVQL,1,chemical
AVFL,PVQR,5,electrical
AVFL,RIFL,1,chemical
AVFL,RIFR,1,chemical
AVFL,SMBVL,1,chemical
AVFL,VA11,1,electrical
AVFL,VB1,2,chemical
AVFL,VB2,2,chemical
AVFL,VC1,1,chemical
AVFL,VC5,1,electrical
AVFL,VD12,3,electrical
AVFR,AIAL,1,chemical
AVFR,AIML,1,chemical
AVFR,ASHR,1,chemical
AVFR,AVAL,1,chemical
AVFR,AVBL,6,chemical
AVFR,AVBR,6,chemical
AVFR,AVFL,7,chemical
AVFR,AVFL,31,electrical
AVFR,AVG,1,chemical
AVFR,AVG,1,electrical
AVFR,AVHL,3,chemical
AVFR,AVHL,11,electrical
AVFR,AVHR,3,chemical
AVFR,AVHR,7,electrical
AVFR,AVJL,5,chemical
AVFR,HSNL,4,chemical
AVFR,HSNR,3,chemical
AVFR,PVCR,1,chemical
AVFR,PVDL,1,chemical
AVFR,PVPL,3,electrical
AVFR,PVPR,1,chemical
AVFR,PVQL,2,chemical
AVFR,PVQL,2,electrical
AVFR,PVQR,2,electrical
AVFR,RMDDL,1,chemical
AVFR,RMGL,1,chemical
AVFR,RMGL,1,electrical
AVFR,VA2,1,chemical
AVFR,VB1,1,electrical
AVG,AS11,1,electrical
AVG,AVAL,3,chemical
AVG,AVAR,3,chemical
AVG,AVBL,5,chemical
AVG,AVBR,3,chemical
AVG,AVDL,1,chemical
AVG,AVDR,3,chemical
AVG,AVER,1,chemical
AVG,AVFL,3,chemical
AVG,AVFL,1,electrical
AVG,AVFR,1,electrical
AVG,AVG,2,chemical
AVG,AVHR,4,electrical
AVG,AVJL,7,chemical
AVG,AVJR,3,chemical
AVG,AVJR,1,electrical
AVG,AVL,4,electrical
AVG,DA8,1,chemical
AVG,DD6,1,electrical
AVG,DVC,2,chemical
AVG,DVC,12,electrical
AVG,PHAL,3,chemical
AVG,PHAL,3,electrical
AVG,PHAR,2,electrical
AVG,PHCR,1,electrical
AVG,PVCL,1,chemical
AVG,PVCR,2,chemical
AVG,PVDL,1,electrical
AVG,PVNL,2,chemical
AVG,PVNR,4,chemical
AVG,PVPL,3,electrical
AVG,PVPR,2,electrical
AVG,PVQL,1,electrical
AVG,PVQR,2,chemical
AVG,PVT,2,chemical
AVG,PVT,4,electrical
AVG,RIFR,3,electrical
AVG,VA11,1,chemical
AVG,VA6,1,chemical
AVG,VC1,2,chemical
AVHL,ADFR,5,chemical
AVHL,AS10,1,electrical
AVHL,AS11,3,electrical
AVHL,ASHR,1,chemical
AVHL,ASHR,2,electrical
AVHL,ASKL,8,electrical
AVHL,AVAR,1,chemical
AVHL,AVBL,2,chemical
AVHL,AVBR,1,chemical
AVHL,AVDL,1,chemical
AVHL,AVDL,2,electrical
AVHL,AVFL,1,chemical
AVHL,AVFL,4,electrical
AVHL,AVFR,5,chemical
AVHL,AVFR,11,electrical
AVHL,AVHR,1,chemical
AVHL,AVHR,15,electrical
AVHL,AVJL,4,chemical
AVHL,AVJR,1,chemical
AVHL,AVJR,6,electrical
AVHL,AWBR,3,chemical
AVHL,BDUR,1,chemical
AVHL,DB7,3,electrical
AVHL,DD1,1,chemical
AVHL,DVB,1,electrical
AVHL,LUAL,1,electrical
AVHL,PHAL,1,electrical
AVHL,PHBL,1,electrical
AVHL,PHBR,10,electrical
AVHL,PHCR,2,electrical
AVHL,PVNL,1,electrical
AVHL,PVNR,1,electrical
AVHL,PVPL,2,electrical
AVHL,PVPR,2,chemical
AVHL,PVPR,6,electrical
AVHL,PVQR,3,chemical
AVHL,RIFR,1,chemical
AVHL,RIMR,1,chemical
AVHL,RIR,2,chemical
AVHL,SABD,1,chemical
AVHL,SMBDR,4,chemical
AVHL,SMBVR,4,chemical
AVHL,VD1,1,chemical
AVHL,VD12,8,electrical
AVHR,ADLR,3,chemical
AVHR,AQR,1,chemical
AVHR,AS11,17,electrical
AVHR,ASKR,1,chemical
AVHR,ASKR,10,electrical
AVHR,AVAL,1,chemical
AVHR,AVBL,3,chemical
AVHR,AVBR,1,chemical
AVHR,AVDR,1,chemical
AVHR,AVFL,2,chemical
AVHR,AVFL,5,electrical
AVHR,AVFR,2,chemical
AVHR,AVFR,7,electrical
AVHR,AVG,4,electrical
AVHR,AVHL,1,chemical
AVHR,AVHL,15,electrical
AVHR,AVJL,3,electrical
AVHR,AVJR,5,chemical
AVHR,AVJR,2,electrical
AVHR,AVL,2,electrical
AVHR,AWBL,1,chemical
AVHR,DA8,5,electrical
AVHR,DD6,1,electrical
AVHR,DVA,1,chemical
AVHR,DVC,4,electrical
AVHR,PHAR,2,electrical
AVHR,PHBL,2,electrical
AVHR,PHBR,2,electrical
AVHR,PVNL,1,electrical
AVHR,PVNR,1,electrical
AVHR,PVPL,9,chemical
AVHR,PVPL,4,electrical
AVHR,PVPR,3,electrical
AVHR,PVQL,3,electrical
AVHR,PVQR,2,electrical
AVHR,PVT,2,electrical
AVHR,RIGL,1,chemical
AVHR,RIR,8,chemical
AVHR,SIAVL,1,electrical
AVHR,SMBDL,3,chemical
AVHR,SMBVL,1,chemical
AVHR,VA11,1,electrical
AVHR,VD12,13,electrical
AVJL,AINL,1,chemical
AVJL,ASHR,1,chemical
AVJL,AVAL,7,electrical
AVJL,AVAR,1,chemical
AVJL,AVBL,5,chemical
AVJL,AVBR,6,chemical
AVJL,AVDL,1,chemical
AVJL,AVDR,6,electrical
AVJL,AVEL,1,chemical
AVJL,AVHL,3,chemical
AVJL,AVHR,3,electrical
AVJL,AVJR,1,chemical
AVJL,AVJR,10,electrical
AVJL,LUAL,5,electrical
AVJL,LUAR,1,electrical
AVJL,PDB,2,electrical
AVJL,PQR,5,electrical
AVJL,PVCL,5,chemical
AVJL,PVCL,3,electrical
AVJL,PVCR,1,chemical
AVJL,PVCR,19,electrical
AVJL,PVNL,5,electrical
AVJL,PVNR,4,chemical
AVJL,PVNR,2,electrical
AVJL,PVWL,3,electrical
AVJL,PVWR,5,electrical
AVJL,RIFR,1,chemical
AVJL,RIFR,1,electrical
AVJL,RIS,1,chemical
AVJL,RIS,15,electrical
AVJL,SABD,1,chemical
AVJR,ADER,1,electrical
AVJR,ALML,3,chemical
AVJR,AVAL,4,chemical
AVJR,AVAL,4,electrical
AVJR,AVAR,5,chemical
AVJR,AVAR,3,electrical
AVJR,AVBL,10,chemical
AVJR,AVBR,2,chemical
AVJR,AVBR,3,electrical
AVJR,AVDL,1,chemical
AVJR,AVDL,1,electrical
AVJR,AVDR,7,chemical
AVJR,AVER,3,chemical
AVJR,AVG,1,electrical
AVJR,AVHL,6,electrical
AVJR,AVHR,2,electrical
AVJR,AVJL,1,chemical
AVJR,AVJL,10,electrical
AVJR,AVM,1,chemical
AVJR,FLPR,2,chemical
AVJR,LUAR,1,electrical
AVJR,PHBL,1,electrical
AVJR,PHCR,1,electrical
AVJR,PQR,2,electrical
AVJR,PVCL,5,chemical
AVJR,PVCL,3,electrical
AVJR,PVCR,7,chemical
AVJR,PVCR,1,electrical
AVJR,PVNR,5,electrical
AVJR,PVT,1,electrical
AVJR,PVWR,1,electrical
AVJR,RID,2,chemical
AVJR,SABVL,3,chemical
AVJR,VA11,2,electrical
AVKL,ADER,4,electrical
AVKL,AIYL,1,electrical
AVKL,AQR,7,electrical
AVKL,AS10,1,electrical
AVKL,AS11,1,electrical
AVKL,AVBL,2,chemical
AVKL,AVEL,4,chemical
AVKL,AVER,2,chemical
AVKL,AVKR,9,electrical
AVKL,AVL,3,electrical
AVKL,AVM,2,chemical
AVKL,DVA,1,chemical
AVKL,DVA,18,electrical
AVKL,PDEL,2,electrical
AVKL,PDER,1,electrical
AVKL,PVM,1,electrical
AVKL,PVPL,3,electrical
AVKL,PVPR,6,electrical
AVKL,PVT,5,electrical
AVKL,RIGL,2,electrical
AVKL,RIGR,1,electrical
AVKL,RIML,3,chemical
AVKL,RIMR,2,chemical
AVKL,RIVL,5,chemical
AVKL,RMDL,1,chemical
AVKL,RMFL,2,chemical
AVKL,SAADL,1,chemical
AVKL,SAADR,3,chemical
AVKL,SAAVL,3,chemical
AVKL,SIAVR,2,chemical
AVKL,SIBVR,2,chemical
AVKL,SMBDL,2,electrical
AVKL,SMBDR,2,electrical
AVKL,SMBVL,6,electrical
AVKL,SMBVR,2,electrical
AVKL,VB10,1,electrical
AVKR,AIMR,3,electrical
AVKR,AQR,2,electrical
AVKR,AVER,1,electrical
AVKR,AVKL,3,chemical
AVKR,AVKL,9,electrical
AVKR,BDUL,3,chemical
AVKR,PDEL,1,electrical
AVKR,PVPL,1,chemical
AVKR,PVPL,22,electrical
AVKR,PVQL,1,chemical
AVKR,PVQL,2,electrical
AVKR,PVT,1,electrical
AVKR,RICL,4,electrical
AVKR,RIGL,1,chemical
AVKR,RIGR,2,electrical
AVKR,RIML,5,chemical
AVKR,RIMR,3,chemical
AVKR,RIMR,1,electrical
AVKR,RMDL,1,chemical
AVKR,RMDR,2,chemical
AVKR,RMFL,2,chemical
AVKR,RMGL,2,chemical
AVKR,RMHR,1,chemical
AVKR,SAADL,2,chemical
AVKR,SIADL,3,chemical
AVKR,SMBDL,3,chemical
AVKR,SMBDL,1,electrical
AVKR,SMBDR,9,electrical
AVKR,SMBVR,6,electrical
AVKR,SMDDR,3,chemical
AVKR,SMDVR,1,chemical
AVL,AVEL,3,chemical
AVL,AVEL,1,electrical
AVL,AVG,4,electrical
AVL,AVHR,2,electrical
AVL,AVKL,3,electrical
AVL,AVKR,2,chemical
AVL,DA9,4,electrical
AVL,DD1,4,chemical
AVL,DD6,1,chemical
AVL,DD6,28,electrical
AVL,DVB,1,chemical
AVL,DVB,14,electrical
AVL,DVC,2,chemical
AVL,DVC,22,electrical
AVL,HSNR,2,chemical
AVL,PDA,3,electrical
AVL,PVNR,2,electrical
AVL,PVPL,1,electrical
AVL,PVPR,2,chemical
AVL,PVPR,8,electrical
AVL,PVT,6,electrical
AVL,PVWL,1,chemical
AVL,PVWR,3,electrical
AVL,RIMR,2,chemical
AVL,RIS,1,chemical
AVL,SABD,9,chemical
AVL,SABVL,9,chemical
AVL,SABVR,6,chemical
AVL,VC1,2,chemical
AVL,VC2,2,chemical
AVL,VC6,1,chemical
AVL,VC6,2,electrical
AVL,VD11,1,electrical
AVL,VD12,3,chemical
AVL,VD12,2,electrical
AVL,VD13,5,electrical
AVM,ADER,4,chemical
AVM,ALML,7,electrical
AVM,ALMR,16,electrical
AVM,AVBL,13,chemical
AVM,AVBR,9,chemical
AVM,AVDL,1,chemical
AVM,AVDL,8,electrical
AVM,AVDR,1,chemical
AVM,AVHL,3,chemical
AVM,AVJR,1,chemical
AVM,AVKL,1,chemical
AVM,BDUL,3,chemical
AVM,BDUR,5,chemical
AVM,DA1,2,chemical
AVM,PVCL,10,chemical
AVM,PVCR,17,chemical
AVM,PVNL,4,chemical
AVM,PVNR,3,chemical
AVM,PVR,6,chemical
AVM,PVR,4,electrical
AVM,RID,2,chemical
AVM,SIBVL,4,chemical
AVM,VA2,1,chemical
AVM,VB3,1,chemical
AWAL,ADAL,2,chemical
AWAL,ADLL,1,electrical
AWAL,AFDL,7,chemical
AWAL,AIYL,3,chemical
AWAL,AIZL,23,chemical
AWAL,AIZL,3,electrical
AWAL,ASEL,7,chemical
AWAL,ASGL,1,chemical
AWAL,ASHL,2,chemical
AWAL,AWAR,2,electrical
AWAL,AWBL,9,chemical
AWAR,ADFR,9,chemical
AWAR,ADFR,3,electrical
AWAR,AFDR,23,chemical
AWAR,AIAR,3,chemical
AWAR,AIAR,3,electrical
AWAR,AIYR,8,chemical
AWAR,AIZR,25,chemical
AWAR,AIZR,3,electrical
AWAR,ASER,5,chemical
AWAR,ASGR,1,chemical
AWAR,ASIL,2,chemical
AWAR,AUAR,1,chemical
AWAR,AWAL,2,electrical
AWAR,AWBR,3,chemical
AWAR,RIFR,5,chemical
AWAR,RIGR,6,chemical
AWAR,RIR,2,chemical
AWBL,ADFL,25,chemical
AWBL,AIAL,4,chemical
AWBL,AIAL,1,electrical
AWBL,AIBR,1,chemical
AWBL,AIYL,1,chemical
AWBL,AIZL,15,chemical
AWBL,ASEL,1,chemical
AWBL,ASGL,1,electrical
AWBL,ASHL,2,chemical
AWBL,AUAL,4,electrical
AWBL,AVBL,2,chemical
AWBL,AVHR,2,chemical
AWBL,AWAL,2,chemical
AWBL,AWBR,3,electrical
AWBL,AWCL,1,chemical
AWBL,HSNL,1,chemical
AWBL,RIAL,10,chemical
AWBL,RIGL,2,chemical
AWBL,RMGL,1,electrical
AWBL,SMBDL,2,chemical
AWBL,SMBVL,3,chemical
AWBR,ADFR,7,chemical
AWBR,ADFR,1,electrical
AWBR,AIMR,1,chemical
AWBR,AIYR,1,chemical
AWBR,AIZR,8,chemical
AWBR,ASER,1,chemical
AWBR,ASER,1,electrical
AWBR,ASGR,1,chemical
AWBR,ASHR,2,chemical
AWBR,AUAR,3,electrical
AWBR,AVBR,2,chemical
AWBR,AWBL,3,electrical
AWBR,HSNL,2,chemical
AWBR,HSNR,2,chemical
AWBR,OLQVR,1,chemical
AWBR,RIAR,3,chemical
AWBR,RICL,4,electrical
AWBR,RIFR,1,chemical
AWBR,RIR,7,chemical
AWBR,RMGR,1,electrical
AWBR,URYVR,1,chemical
AWCL,ADFL,1,electrical
AWCL,AFDL,2,chemical
AWCL,AIAL,2,chemical
AWCL,AIAR,4,chemical
AWCL,AIBL,12,chemical
AWCL,AIBR,2,chemical
AWCL,AIYL,22,chemical
AWCL,AIZL,1,chemical
AWCL,ASEL,1,electrical
AWCL,ASER,1,chemical
AWCL,ASGR,1,chemical
AWCL,ASIL,1,chemical
AWCL,AUAL,1,electrical
AWCL,AVAL,1,chemical
AWCL,AWCR,11,chemical
AWCL,RIAL,6,chemical
AWCL,SMDVL,1,chemical
AWCR,ADFR,1,chemical
AWCR,AFDR,3,electrical
AWCR,AIAL,1,chemical
AWCR,AIAL,1,electrical
AWCR,AIAR,8,chemical
AWCR,AIAR,1,electrical
AWCR,AIBL,3,chemical
AWCR,AIBR,18,chemical
AWCR,AIYL,12,chemical
AWCR,AIYR,22,chemical
AWCR,ASEL,8,chemical
AWCR,ASEL,2,electrical
AWCR,ASER,5,chemical
AWCR,ASGR,3,chemical
AWCR,ASGR,2,electrical
AWCR,ASHR,1,chemical
AWCR,ASIL,2,chemical
AWCR,ASIR,2,chemical
AWCR,AWCL,17,chemical
AWCR,IL2L,2,chemical
AWCR,RIAL,3,chemical
AWCR,RIVL,3,chemical
BAGL,ADFR,1,chemical
BAGL,AIBL,2,chemical
BAGL,AINL,1,chemical
BAGL,AINR,3,electrical
BAGL,AIZR,2,chemical
BAGL,AUAR,2,chemical
BAGL,AVAR,3,chemical
BAGL,AVEL,2,chemical
BAGL,AVER,7,chemical
BAGL,BAGR,1,chemical
BAGL,BAGR,1,electrical
BAGL,CEPVR,2,chemical
BAGL,RIAR,18,chemical
BAGL,RIBR,19,chemical
BAGL,RID,3,chemical
BAGL,RIGL,3,chemical
BAGL,RIGL,1,electrical
BAGL,RIGR,7,chemical
BAGL,RIGR,2,electrical
BAGL,RIPR,1,chemical
BAGL,RIR,4,electrical
BAGL,RIVR,2,chemical
BAGL,URAVR,1,chemical
BAGL,URXR,1,chemical
BAGR,AIYL,3,chemical
BAGR,AQR,3,chemical
BAGR,AVAL,4,chemical
BAGR,AVEL,8,chemical
BAGR,AVEL,1,electrical
BAGR,BAGL,3,chemical
BAGR,BAGL,1,electrical
BAGR,OLQVL,2,chemical
BAGR,RIAL,18,chemical
BAGR,RIBL,22,chemical
BAGR,RIBR,1,chemical
BAGR,RIGL,10,chemical
BAGR,RIR,5,electrical
BAGR,SMDVL,1,chemical
BDUL,ADAL,2,chemical
BDUL,ADEL,6,chemical
BDUL,ALML,1,chemical
BDUL,ALML,23,electrical
BDUL,AVHL,2,chemical
BDUL,AVJR,2,chemical
BDUL,HSNL,3,chemical
BDUL,PVNL,2,chemical
BDUL,PVNL,1,electrical
BDUL,PVNR,4,chemical
BDUL,RIFL,2,chemical
BDUL,RMGL,3,chemical
BDUL,SAADL,3,chemical
BDUL,URADL,3,chemical
BDUR,ADER,4,chemical
BDUR,ALMR,4,chemical
BDUR,ALMR,23,electrical
BDUR,AVAL,7,chemical
BDUR,AVBR,1,chemical
BDUR,AVHL,2,chemical
BDUR,AVJL,5,chemical
BDUR,CEPVR,1,chemical
BDUR,HSNR,8,chemical
BDUR,HSNR,1,electrical
BDUR,PVCL,3,chemical
BDUR,PVNL,11,chemical
BDUR,PVNR,5,chemical
BDUR,PVR,3,electrical
BDUR,SDQL,2,chemical
BDUR,URADR,3,chemical
CEPDL,AFDL,2,chemical
CEPDL,AINL,2,chemical
CEPDL,ALML,2,chemical
CEPDL,AVER,13,chemical
CEPDL,CEPDR,1,chemical
CEPDL,IL1DL,18,chemical
CEPDL,IL2DL,1,chemical
CEPDL,OLLL,8,chemical
CEPDL,OLQDL,27,chemical
CEPDL,OLQDL,2,electrical
CEPDL,RIBL,3,chemical
CEPDL,RICL,11,chemical
CEPDL,RICR,8,chemical
CEPDL,RIH,1,chemical
CEPDL,RIPL,8,chemical
CEPDL,RIS,3,chemical
CEPDL,RMDVL,13,chemical
CEPDL,RMGL,6,chemical
CEPDL,RMHL,1,chemical
CEPDL,RMHR,8,chemical
CEPDL,SIADR,4,chemical
CEPDL,SIBDL,2,chemical
CEPDL,SIBVR,2,chemical
CEPDL,SMBDR,5,chemical
CEPDL,URADL,8,chemical
CEPDL,URBL,11,chemical
CEPDL,URYDL,7,chemical
CEPDR,AVEL,9,chemical
CEPDR,BDUR,5,chemical
CEPDR,CEPDR,6,chemical
CEPDR,IL1DR,15,chemical
CEPDR,IL1R,1,chemical
CEPDR,OLLR,13,chemical
CEPDR,OLQDR,20,chemical
CEPDR,OLQDR,8,electrical
CEPDR,RICL,13,chemical
CEPDR,RICR,19,chemical
CEPDR,RIFR,2,chemical
CEPDR,RIH,4,chemical
CEPDR,RMDR,1,chemical
CEPDR,RMDVR,3,chemical
CEPDR,RMGR,1,chemical
CEPDR,RMHL,7,chemical
CEPDR,RMHR,1,chemical
CEPDR,SIBDR,1,chemical
CEPDR,SMBDL,1,chemical
CEPDR,URADR,3,chemical
CEPDR,URBR,14,chemical
CEPDR,URXR,2,chemical
CEPDR,URYDR,3,chemical
CEPVL,AVER,5,chemical
CEPVL,IL1VL,9,chemical
CEPVL,OLLL,4,chemical
CEPVL,OLQVL,19,chemical
CEPVL,OLQVL,4,electrical
CEPVL,PVR,3,chemical
CEPVL,RIAL,1,chemical
CEPVL,RIBL,3,chemical
CEPVL,RICL,20,chemical
CEPVL,RICR,17,chemical
CEPVL,RIH,1,electrical
CEPVL,RIPL,4,chemical
CEPVL,RMDDL,7,chemical
CEPVL,RMDVR,8,chemical
CEPVL,RMGL,2,chemical
CEPVL,RMHL,10,chemical
CEPVL,RMHR,5,chemical
CEPVL,SIAVL,6,chemical
CEPVL,SMBVL,1,chemical
CEPVL,SMDVR,1,chemical
CEPVL,URAVL,6,chemical
CEPVL,URAVL,3,electrical
CEPVL,URXL,2,chemical
CEPVL,URYVL,5,chemical
CEPVR,ADLR,3,chemical
CEPVR,AIMR,1,electrical
CEPVR,ASGR,2,chemical
CEPVR,AVEL,13,chemical
CEPVR,CEPDR,1,chemical
CEPVR,IL1VR,8,chemical
CEPVR,IL2VR,3,chemical
CEPVR,IL2VR,1,electrical
CEPVR,OLLR,14,chemical
CEPVR,OLQVR,11,chemical
CEPVR,OLQVR,1,electrical
CEPVR,RIAL,1,chemical
CEPVR,RIAR,1,chemical
CEPVR,RICL,13,chemical
CEPVR,RICR,12,chemical
CEPVR,RIPR,3,chemical
CEPVR,RIVL,2,chemical
CEPVR,RMDDR,4,chemical
CEPVR,RMHR,15,chemical
CEPVR,SIAVR,7,chemical
CEPVR,SMBVR,2,chemical
CEPVR,SMDDR,2,chemical
CEPVR,URAVR,3,chemical
CEPVR,URYVR,2,chemical
DA1,AS1,13,chemical
DA1,AVAL,2,electrical
DA1,AVAR,9,electrical
DA1,AVER,1,electrical
DA1,DA2,1,electrical
DA1,DB1,1,chemical
DA1,DD1,12,chemical
DA1,FLPR,2,chemical
DA1,FLPR,5,electrical
DA1,VD2,4,chemical
DA2,AS2,1,chemical
DA2,AS2,2,electrical
DA2,AS4,1,electrical
DA2,AVAL,7,electrical
DA2,AVAR,3,electrical
DA2,DA1,1,electrical
DA2,DA3,1,chemical
DA2,DA5,1,electrical
DA2,DB1,1,chemical
DA2,DD1,7,chemical
DA2,FLPR,6,electrical
DA2,VA1,9,electrical
DA2,VA6,3,electrical
DA2,VD2,17,chemical
DA2,VD3,11,chemical
DA3,AS4,2,chemical
DA3,AS4,4,electrical
DA3,AVAL,6,electrical
DA3,AVAR,7,electrical
DA3,DA4,2,chemical
DA3,DA4,1,electrical
DA3,DA5,1,electrical
DA3,DB3,2,chemical
DA3,DD2,3,chemical
DA3,FLPR,16,electrical
DA3,VA2,1,electrical
DA3,VA6,1,electrical
DA3,VD3,43,chemical
DA3,VD4,13,chemical
DA4,AVAL,2,electrical
DA4,AVAR,2,electrical
DA4,DA3,1,electrical
DA4,DB2,2,chemical
DA4,DD2,4,chemical
DA4,PVCL,1,electrical
DA4,VA3,1,electrical
DA4,VD4,11,chemical
DA4,VD5,21,chemical
DA5,AS6,5,electrical
DA5,AVAL,2,electrical
DA5,AVAR,5,electrical
DA5,DA2,1,electrical
DA5,DA3,1,electrical
DA5,DA4,1,chemical
DA5,DB4,1,chemical
DA5,DD3,12,chemical
DA5,VD5,1,chemical
DA5,VD6,22,chemical
DA6,AVAL,4,electrical
DA6,AVAR,4,electrical
DA6,DA5,1,chemical
DA6,DB5,1,chemical
DA6,DD3,7,chemical
DA6,VD4,3,chemical
DA6,VD5,3,chemical
DA6,VD6,13,chemical
DA6,VD7,13,chemical
DA7,AS10,1,electrical
DA7,AVAL,10,electrical
DA7,DA6,1,chemical
DA7,DA8,1,electrical
DA7,DB6,1,chemical
DA7,DD4,3,chemical
DA7,PVCL,1,electrical
DA7,PVCR,3,electrical
DA7,PVQR,1,electrical
DA7,VD11,2,electrical
DA7,VD7,10,chemical
DA7,VD8,12,chemical
DA7,VD9,10,chemical
DA8,AS11,1,electrical
DA8,AVAL,8,electrical
DA8,AVAR,5,electrical
DA8,AVHR,5,electrical
DA8,DA7,1,chemical
DA8,DA7,1,electrical
DA8,DA9,15,electrical
DA8,DB7,1,chemical
DA8,DD4,4,chemical
DA8,DD5,4,chemical
DA8,DD6,2,electrical
DA8,DVB,5,electrical
DA8,PDA,1,electrical
DA8,PHCL,2,electrical
DA8,PVCL,17,electrical
DA8,PVCR,1,electrical
DA8,PVWL,1,electrical
DA8,VA10,2,electrical
DA8,VA12,6,electrical
DA8,VD10,7,chemical
DA8,VD11,5,chemical
DA8,VD12,5,chemical
DA8,VD13,5,chemical
DA8,VD8,5,chemical
DA8,VD9,5,chemical
DA9,AS10,1,electrical
DA9,AS11,1,chemical
DA9,AVAL,1,electrical
DA9,AVAR,4,electrical
DA9,AVL,4,electrical
DA9,DA8,1,chemical
DA9,DA8,15,electrical
DA9,DB7,1,chemical
DA9,DD6,4,chemical
DA9,DVA,1,chemical
DA9,DVA,3,electrical
DA9,PDA,9,electrical
DA9,PHCR,7,electrical
DA9,PVCR,3,electrical
DA9,PVR,15,electrical
DA9,VA10,1,electrical
DA9,VA11,3,electrical
DA9,VA12,1,chemical
DA9,VA12,1,electrical
DA9,VB11,1,electrical
DA9,VD10,5,chemical
DA9,VD11,11,chemical
DA9,VD12,11,chemical
DA9,VD13,1,chemical
DA9,VD13,2,electrical
DA9,VD9,5,chemical
DB1,AS1,28,chemical
DB1,AS2,4,chemical
DB1,AVBR,15,electrical
DB1,DA1,16,chemical
DB1,DA2,2,chemical
DB1,DB2,5,electrical
DB1,DD1,31,chemical
DB1,DVA,3,electrical
DB1,FLPR,1,chemical
DB1,RID,1,chemical
DB1,RID,2,electrical
DB1,VB3,5,electrical
DB1,VD2,24,chemical
DB1,VD3,2,chemical
DB2,AS3,3,chemical
DB2,AS4,2,chemical
DB2,AVBL,4,electrical
DB2,AVBR,3,electrical
DB2,DA2,3,chemical
DB2,DA3,12,chemical
DB2,DA4,1,chemical
DB2,DB1,5,electrical
DB2,DB3,14,electrical
DB2,DD1,3,chemical
DB2,DD2,16,chemical
DB2,VB4,1,electrical
DB2,VD3,33,chemical
DB2,VD4,15,chemical
DB3,AS4,2,chemical
DB3,AS5,1,chemical
DB3,AVBL,9,electrical
DB3,AVBR,2,electrical
DB3,DA4,4,chemical
DB3,DA5,1,chemical
DB3,DB2,14,electrical
DB3,DB4,1,electrical
DB3,DD2,3,chemical
DB3,DD3,14,chemical
DB3,DD3,1,electrical
DB3,DD5,14,chemical
DB3,RID,1,electrical
DB3,VB6,1,electrical
DB3,VD4,9,chemical
DB3,VD5,24,chemical
DB3,VD6,4,chemical
DB4,AS6,2,chemical
DB4,AVBL,4,electrical
DB4,AVBR,5,electrical
DB4,DA5,3,chemical
DB4,DB3,1,electrical
DB4,DB5,5,electrical
DB4,DD3,9,chemical
DB4,DD3,1,electrical
DB4,DD4,2,chemical
DB4,DD5,9,chemical
DB4,DD6,2,chemical
DB4,VD6,14,chemical
DB5,AS7,3,chemical
DB5,AS8,2,chemical
DB5,AVBL,3,electrical
DB5,AVBR,4,electrical
DB5,DA6,3,chemical
DB5,DA7,12,chemical
DB5,DA8,1,chemical
DB5,DB4,5,electrical
DB5,DB6,5,electrical
DB5,VD4,3,chemical
DB5,VD5,3,chemical
DB5,VD6,13,chemical
DB5,VD7,13,chemical
DB6,AS8,2,chemical
DB6,AS9,1,chemical
DB6,AVBL,3,electrical
DB6,AVBR,4,electrical
DB6,DA8,4,chemical
DB6,DA9,1,chemical
DB6,DB5,5,electrical
DB6,DB7,5,electrical
DB6,DVA,2,electrical
DB6,VD7,10,chemical
DB6,VD8,12,chemical
DB6,VD9,10,chemical
DB7,AS10,2,chemical
DB7,AS10,1,electrical
DB7,AS11,2,chemical
DB7,AVBL,13,electrical
DB7,AVBR,3,electrical
DB7,AVHL,3,electrical
DB7,DA9,3,chemical
DB7,DB6,5,electrical
DB7,DVA,3,electrical
DB7,PDB,2,electrical
DB7,PVCL,8,electrical
DB7,PVCR,2,electrical
DB7,PVR,4,electrical
DB7,VA10,1,electrical
DB7,VD10,7,chemical
DB7,VD11,5,chemical
DB7,VD12,5,chemical
DB7,VD13,5,chemical
DB7,VD8,5,chemical
DB7,VD9,5,chemical
DD1,DA2,3,chemical
DD1,DD2,6,electrical
DD1,FLPL,1,electrical
DD1,RIFR,2,electrical
DD1,SABVR,1,electrical
DD1,VB2,1,chemical
DD1,VC1,1,electrical
DD1,VD2,1,chemical
DD1,VD2,3,electrical
DD1,VD3,4,electrical
DD2,DA3,2,chemical
DD2,DD1,6,electrical
DD2,DD3,2,electrical
DD2,VD3,1,chemical
DD2,VD3,1,electrical
DD2,VD4,1,chemical
DD2,VD4,2,electrical
DD2,VD5,1,electrical
DD3,DA5,1,chemical
DD3,DB3,1,electrical
DD3,DB4,1,electrical
DD3,DD2,2,electrical
DD3,DD4,3,electrical
DD4,DD3,3,electrical
DD4,DD5,3,electrical
DD5,DD4,3,electrical
DD5,DD6,3,electrical
DD5,DVB,1,electrical
DD6,AVG,1,electrical
DD6,AVHR,1,electrical
DD6,AVL,28,electrical
DD6,DA8,2,electrical
DD6,DD5,3,electrical
DD6,DVB,3,electrical
DD6,DVC,1,electrical
DD6,PDA,1,electrical
DD6,PVNL,1,electrical
DD6,PVPL,2,electrical
DD6,PVPR,9,electrical
DD6,PVT,3,electrical
DD6,VA12,7,electrical
DD6,VD11,3,electrical
DD6,VD12,14,electrical
DD6,VD13,2,electrical
DVA,AIZL,5,chemical
DVA,AIZR,3,chemical
DVA,AQR,6,chemical
DVA,AS11,1,electrical
DVA,AUAL,4,chemical
DVA,AUAR,8,chemical
DVA,AVAL,6,chemical
DVA,AVAR,2,chemical
DVA,AVBL,1,chemical
DVA,AVBL,11,electrical
DVA,AVBR,1,chemical
DVA,AVBR,3,electrical
DVA,AVDR,2,chemical
DVA,AVEL,19,chemical
DVA,AVER,17,chemical
DVA,AVKL,18,electrical
DVA,DA2,1,chemical
DVA,DA9,3,electrical
DVA,DB1,3,electrical
DVA,DB2,2,chemical
DVA,DB3,3,chemical
DVA,DB4,1,chemical
DVA,DB6,2,electrical
DVA,DB7,1,chemical
DVA,DB7,3,electrical
DVA,DVC,1,electrical
DVA,PDA,1,electrical
DVA,PDEL,3,electrical
DVA,PDER,1,chemical
DVA,PDER,6,electrical
DVA,PVCL,4,chemical
DVA,PVCL,3,electrical
DVA,PVCR,1,chemical
DVA,PVCR,1,electrical
DVA,PVM,1,electrical
DVA,PVPL,1,electrical
DVA,PVPR,3,chemical
DVA,PVR,2,chemical
DVA,PVR,15,electrical
DVA,PVT,8,electrical
DVA,RIAL,3,chemical
DVA,RIAR,4,chemical
DVA,RIMR,5,chemical
DVA,RIR,4,chemical
DVA,SAADR,5,chemical
DVA,SAAVL,3,chemical
DVA,SAAVR,1,chemical
DVA,SAAVR,1,electrical
DVA,SABD,2,chemical
DVA,SDQL,1,electrical
DVA,SDQR,1,electrical
DVA,SIADR,1,electrical
DVA,SIAVR,1,electrical
DVA,SMBDL,6,chemical
DVA,SMBDR,6,chemical
DVA,SMBVL,5,chemical
DVA,SMBVR,6,chemical
DVA,SMDVL,1,chemical
DVA,URXL,1,chemical
DVA,URYDL,3,chemical
DVA,VA11,1,electrical
DVA,VA12,1,chemical
DVA,VA2,2,chemical
DVA,VA6,1,chemical
DVA,VA8,1,chemical
DVA,VB1,1,chemical
DVA,VB11,2,chemical
DVB,AS11,4,electrical
DVB,AVHL,1,electrical
DVB,AVL,21,chemical
DVB,AVL,14,electrical
DVB,DA8,10,chemical
DVB,DA8,5,electrical
DVB,DD5,1,electrical
DVB,DD6,10,chemical
DVB,DD6,3,electrical
DVB,DVB,2,electrical
DVB,DVC,5,chemical
DVB,DVC,15,electrical
DVB,PDA,2,chemical
DVB,PHCL,2,chemical
DVB,PVPL,10,chemical
DVB,PVPL,4,electrical
DVB,PVPR,4,electrical
DVB,PVT,3,electrical
DVB,VD11,2,electrical
DVB,VD13,1,chemical
DVB,VD13,5,electrical
DVC,AIBL,3,chemical
DVC,AIBL,2,electrical
DVC,AIBR,3,chemical
DVC,AIBR,9,electrical
DVC,AVAL,14,chemical
DVC,AVAR,16,chemical
DVC,AVBL,1,chemical
DVC,AVG,12,electrical
DVC,AVHR,4,electrical
DVC,AVKL,2,chemical
DVC,AVL,22,electrical
DVC,DD6,1,electrical
DVC,DVA,1,electrical
DVC,DVB,15,electrical
DVC,PVDR,1,chemical
DVC,PVDR,1,electrical
DVC,PVNR,1,electrical
DVC,PVPL,4,chemical
DVC,PVPL,20,electrical
DVC,PVPR,34,electrical
DVC,PVQR,7,electrical
DVC,PVT,1,chemical
DVC,PVT,11,electrical
DVC,RIBL,2,chemical
DVC,RIBR,6,chemical
DVC,RIGL,16,chemical
DVC,RIGR,13,chemical
DVC,RIVR,2,chemical
DVC,RMFL,14,chemical
DVC,RMFR,9,chemical
DVC,URAVL,1,chemical
DVC,VC6,1,electrical
DVC,VD1,2,electrical
DVC,VD11,1,electrical
DVC,VD13,1,electrical
DVC,VD9,2,chemical
FLPL,ADEL,22,chemical
FLPL,ADER,3,chemical
FLPL,AIBL,3,chemical
FLPL,AIBL,1,electrical
FLPL,AIBR,3,chemical
FLPL,AVAL,33,chemical
FLPL,AVAR,48,chemical
FLPL,AVBL,22,chemical
FLPL,AVBR,22,chemical
FLPL,AVDL,30,chemical
FLPL,AVDL,5,electrical
FLPL,AVDR,34,chemical
FLPL,DD1,6,chemical
FLPL,DD1,1,electrical
FLPL,DVA,1,chemical
FLPL,FLPR,2,chemical
FLPL,FLPR,6,electrical
FLPL,PVCR,6,chemical
FLPL,RIH,1,electrical
FLPL,RIS,1,chemical
FLPL,SDQL,1,electrical
FLPL,SIADR,1,electrical
FLPL,VA1,5,chemical
FLPR,ADAL,1,chemical
FLPR,ADAR,1,chemical
FLPR,ADER,6,chemical
FLPR,ADER,4,electrical
FLPR,AS1,1,electrical
FLPR,AVAL,23,chemical
FLPR,AVAR,10,chemical
FLPR,AVBL,30,chemical
FLPR,AVBR,11,chemical
FLPR,AVDL,25,chemical
FLPR,AVDL,9,electrical
FLPR,AVDR,8,chemical
FLPR,AVDR,2,electrical
FLPR,AVEL,21,chemical
FLPR,AVER,7,chemical
FLPR,AVJL,2,chemical
FLPR,AVJR,2,chemical
FLPR,DA1,5,electrical
FLPR,DA2,6,electrical
FLPR,DA3,16,electrical
FLPR,DVA,6,chemical
FLPR,FLPL,14,chemical
FLPR,FLPL,6,electrical
FLPR,PVCL,2,chemical
FLPR,VB1,1,chemical
HSNL,ADLL,1,chemical
HSNL,ADLR,1,chemical
HSNL,AIAL,8,chemical
HSNL,AIMR,2,chemical
HSNL,AIZL,6,chemical
HSNL,AIZR,3,chemical
HSNL,ASHL,3,chemical
HSNL,ASHR,1,chemical
HSNL,ASJR,2,chemical
HSNL,ASKL,3,chemical
HSNL,ASKL,1,electrical
HSNL,ASKR,2,chemical
HSNL,AVFL,11,chemical
HSNL,AVFR,4,chemical
HSNL,AVJL,3,chemical
HSNL,AWAR,3,chemical
HSNL,AWBL,5,chemical
HSNL,AWBR,3,chemical
HSNL,HSNL,1,chemical
HSNL,HSNR,5,chemical
HSNL,HSNR,1,electrical
HSNL,PVPL,1,electrical
HSNL,PVQL,1,chemical
HSNL,RIFL,9,chemical
HSNL,RIFL,1,electrical
HSNL,RIML,4,chemical
HSNL,RIR,3,chemical
HSNL,RMGR,1,chemical
HSNL,VC5,9,chemical
HSNR,AIAL,3,chemical
HSNR,AIBL,2,chemical
HSNR,AIZL,3,chemical
HSNR,AIZR,1,chemical
HSNR,ALA,1,electrical
HSNR,AS5,2,chemical
HSNR,ASHL,4,chemical
HSNR,ASKR,3,electrical
HSNR,AVBR,1,chemical
HSNR,AVDR,1,chemical
HSNR,AVER,1,chemical
HSNR,AVFL,4,chemical
HSNR,AVFR,2,chemical
HSNR,AVHL,2,chemical
HSNR,AVHR,2,chemical
HSNR,AVJL,3,chemical
HSNR,AWBL,2,chemical
HSNR,BDUR,2,chemical
HSNR,BDUR,1,electrical
HSNR,DA5,2,chemical
HSNR,DA6,1,chemical
HSNR,HSNL,1,chemical
HSNR,HSNL,1,electrical
HSNR,PVNR,2,chemical
HSNR,PVNR,2,electrical
HSNR,PVPR,1,chemical
HSNR,PVPR,1,electrical
HSNR,PVQR,1,chemical
HSNR,PVT,1,chemical
HSNR,RIFR,6,chemical
HSNR,RIML,1,chemical
HSNR,RIMR,1,chemical
HSNR,RMDDR,1,chemical
HSNR,RMGR,1,chemical
HSNR,SABD,1,chemical
HSNR,SABVR,1,chemical
HSNR,VA6,2,chemical
HSNR,VC2,6,chemical
HSNR,VC3,1,chemical
HSNR,VC4,1,chemical
HSNR,VC5,2,chemical
I1L,I2L,10,chemical
I1L,I2L,2,electrical
I1L,I3,3,chemical
I1L,I5,2,chemical
I1L,I6,1,chemical
I1L,M2L,3,chemical
I1L,M3L,8,chemical
I1L,M3L,2,electrical
I1L,M3R,2,chemical
I1L,MCL,2,chemical
I1L,MCR,2,chemical
I1L,MCR,1,electrical
I1L,MI,2,chemical
I1L,NSML,3,chemical
I1L,NSML,3,electrical
I1L,RIPL,2,electrical
I1R,I2R,6,chemical
I1R,I2R,1,electrical
I1R,I3,1,chemical
I1R,I3,1,electrical
I1R,I5,2,chemical
I1R,M1,1,chemical
I1R,M2L,1,chemical
I1R,M2R,3,chemical
I1R,M3L,1,chemical
I1R,M3R,6,chemical
I1R,MCL,3,chemical
I1R,MCR,4,chemical
I1R,MCR,4,electrical
I1R,MI,1,chemical
I1R,NSML,1,chemical
I1R,NSMR,2,chemical
I1R,NSMR,2,electrical
I1R,RIPR,2,electrical
I2L,I1L,2,chemical
I2L,I1L,2,electrical
I2L,I2R,3,chemical
I2L,I4,13,chemical
I2L,I4,1,electrical
I2L,I5,2,chemical
I2L,M1,1,chemical
I2L,M2L,1,electrical
I2L,NSML,14,chemical
I2L,NSMR,24,chemical
I2R,I1R,1,chemical
I2R,I1R,1,electrical
I2R,I2L,3,chemical
I2R,I4,20,chemical
I2R,I5,2,chemical
I2R,M1,3,chemical
I2R,M1,1,electrical
I2R,M2R,2,chemical
I2R,M2R,1,electrical
I2R,M3R,2,chemical
I2R,M4,3,chemical
I2R,MCL,1,chemical
I2R,MCR,1,electrical
I2R,NSML,34,chemical
I2R,NSMR,7,chemical
I2R,NSMR,2,electrical
I3,I1L,1,chemical
I3,I1R,1,electrical
I3,I5,2,chemical
I3,I6,1,chemical
I3,M1,2,chemical
I3,M1,1,electrical
I3,M2L,2,chemical
I3,M3L,2,chemical
I3,M3R,2,chemical
I3,M4,2,chemical
I3,MCL,1,chemical
I3,MCR,2,chemical
I3,MI,1,chemical
I3,MI,1,electrical
I3,NSMR,2,chemical
I4,I2L,1,electrical
I4,I2R,7,chemical
I4,I5,2,chemical
I4,M2L,5,chemical
I4,M2R,2,electrical
I4,M3L,6,chemical
I4,M3R,22,chemical
I4,M4,1,electrical
I4,MI,1,chemical
I4,NSML,8,chemical
I4,NSMR,15,chemical
I5,I1L,2,chemical
I5,I2L,3,chemical
I5,I2R,1,chemical
I5,I3,1,chemical
I5,I4,7,chemical
I5,M1,3,chemical
I5,M2L,4,chemical
I5,M2L,1,electrical
I5,M2R,1,electrical
I5,M3L,4,chemical
I5,M3R,2,chemical
I5,M4,19,chemical
I5,M5,1,electrical
I5,MI,4,chemical
I5,NSML,1,chemical
I5,NSMR,5,chemical
I6,I1R,1,chemical
I6,I2L,1,chemical
I6,I2R,4,chemical
I6,I3,12,chemical
I6,M3L,10,chemical
I6,M4,15,chemical
I6,M4,5,electrical
I6,NSML,24,chemical
I6,NSMR,23,chemical
IL1DL,IL1DR,3,electrical
IL1DL,IL1L,2,electrical
IL1DL,IL2DL,1,chemical
IL1DL,RIPL,11,chemical
IL1DL,RMDDR,3,chemical
IL1DL,RMDVL,3,chemical
IL1DL,RMEL,1,chemical
IL1DL,RMEV,1,electrical
IL1DL,SIBDL,3,chemical
IL1DL,URADL,10,chemical
IL1DR,IL1DL,3,electrical
IL1DR,IL1DR,1,chemical
IL1DR,IL1R,2,chemical
IL1DR,IL1R,8,electrical
IL1DR,IL2DR,5,chemical
IL1DR,OLLR,1,chemical
IL1DR,PVR,5,chemical
IL1DR,RIPR,28,chemical
IL1DR,RMDDL,11,chemical
IL1DR,RMDVR,32,chemical
IL1DR,RMDVR,1,electrical
IL1DR,RMEV,4,electrical
IL1DR,URADR,8,chemical
IL1DR,URYDR,2,chemical
IL1L,AVER,5,chemical
IL1L,IL1DL,2,electrical
IL1L,IL1VL,8,electrical
IL1L,IL2L,1,chemical
IL1L,OLLL,1,chemical
IL1L,RIPL,1,electrical
IL1L,RMDDL,20,chemical
IL1L,RMDL,3,chemical
IL1L,RMDR,9,chemical
IL1L,RMDVL,22,chemical
IL1L,RMDVR,5,chemical
IL1L,RMER,4,chemical
IL1L,RMER,1,electrical
IL1L,RMGL,1,chemical
IL1L,URAVL,4,chemical
IL1L,URBL,1,chemical
IL1L,URBL,2,electrical
IL1R,AVEL,2,chemical
IL1R,AVER,5,chemical
IL1R,IL1DR,8,electrical
IL1R,IL1VR,8,electrical
IL1R,OLLR,1,chemical
IL1R,RMDDL,8,chemical
IL1R,RMDDR,12,chemical
IL1R,RMDL,11,chemical
IL1R,RMDR,4,chemical
IL1R,RMDVL,8,chemical
IL1R,RMDVR,17,chemical
IL1R,RMEL,5,chemical
IL1R,RMHL,3,chemical
IL1R,URXR,1,chemical
IL1VL,AVL,1,chemical
IL1VL,IL1L,3,chemical
IL1VL,IL1L,8,electrical
IL1VL,IL1VL,5,chemical
IL1VL,IL1VR,11,electrical
IL1VL,OLQVL,2,chemical
IL1VL,RIPL,13,chemical
IL1VL,RMDDL,30,chemical
IL1VL,RMDDL,1,electrical
IL1VL,RMDVR,3,chemical
IL1VL,RMED,3,electrical
IL1VL,RMHL,1,chemical
IL1VL,URAVL,4,chemical
IL1VL,URYVL,4,chemical
IL1VR,IL1R,4,chemical
IL1VR,IL1R,8,electrical
IL1VR,IL1VL,11,electrical
IL1VR,IL2VR,2,chemical
IL1VR,IL2VR,1,electrical
IL1VR,OLLR,1,chemical
IL1VR,OLQVR,5,chemical
IL1VR,RIPR,16,chemical
IL1VR,RMDDR,40,chemical
IL1VR,RMDVL,5,chemical
IL1VR,URAVR,4,chemical
IL1VR,URAVR,4,electrical
IL2DL,AUAL,2,chemical
IL2DL,AVBR,2,chemical
IL2DL,IL1DL,17,chemical
IL2DL,IL2DL,2,chemical
IL2DL,OLQDL,2,chemical
IL2DL,RIBL,1,chemical
IL2DL,RIH,2,chemical
IL2DL,RIPL,28,chemical
IL2DL,RMED,2,chemical
IL2DL,RMEL,11,chemical
IL2DL,RMER,8,chemical
IL2DL,RMEV,1,chemical
IL2DL,RMHL,1,chemical
IL2DL,URADL,8,chemical
IL2DL,URADL,1,electrical
IL2DR,CEPDR,2,chemical
IL2DR,IL1DR,28,chemical
IL2DR,OLQDR,2,chemical
IL2DR,RICL,1,chemical
IL2DR,RICR,2,chemical
IL2DR,RIPL,1,chemical
IL2DR,RIPR,43,chemical
IL2DR,RMED,3,chemical
IL2DR,RMED,1,electrical
IL2DR,RMEL,12,chemical
IL2DR,RMER,11,chemical
IL2DR,RMEV,5,chemical
IL2DR,URADR,5,chemical
IL2DR,URADR,1,electrical
IL2L,ADEL,6,chemical
IL2L,ASJL,1,electrical
IL2L,AVEL,2,chemical
IL2L,IL1L,6,chemical
IL2L,OLLL,2,electrical
IL2L,OLQDL,20,chemical
IL2L,OLQVL,19,chemical
IL2L,RICL,1,chemical
IL2L,RIH,25,chemical
IL2L,RMDL,5,chemical
IL2L,RMDL,2,electrical
IL2L,RMDR,3,chemical
IL2L,RMER,10,chemical
IL2L,RMER,2,electrical
IL2L,RMEV,5,chemical
IL2L,RMGL,5,electrical
IL2L,URAVL,2,chemical
IL2L,URAVL,1,electrical
IL2L,URBL,4,electrical
IL2L,URXL,3,chemical
IL2L,URXL,1,electrical
IL2R,ADER,5,chemical
IL2R,AVER,2,chemical
IL2R,IL1R,2,chemical
IL2R,OLLR,5,chemical
IL2R,OLQDR,10,chemical
IL2R,OLQVR,26,chemical
IL2R,RIH,19,chemical
IL2R,RMDL,3,chemical
IL2R,RMEL,5,chemical
IL2R,RMEV,2,chemical
IL2R,RMGR,1,chemical
IL2R,RMGR,1,electrical
IL2R,URADR,2,chemical
IL2R,URAVR,1,chemical
IL2R,URBR,3,chemical
IL2R,URBR,4,electrical
IL2R,URXR,1,chemical
IL2R,URXR,4,electrical
IL2VL,BAGR,1,chemical
IL2VL,DVC,1,chemical
IL2VL,IL1VL,27,chemical
IL2VL,IL2L,1,chemical
IL2VL,OLQVL,6,chemical
IL2VL,RIAL,4,chemical
IL2VL,RIH,5,chemical
IL2VL,RIPL,36,chemical
IL2VL,RMEL,7,chemical
IL2VL,RMER,6,chemical
IL2VL,RMEV,2,chemical
IL2VL,URAVL,7,chemical
IL2VL,URAVL,3,electrical
IL2VR,ADLR,1,chemical
IL2VR,AVAL,1,chemical
IL2VR,CEPVR,1,electrical
IL2VR,IL1VR,29,chemical
IL2VR,IL1VR,1,electrical
IL2VR,OLQVR,9,chemical
IL2VR,RIAR,2,chemical
IL2VR,RIH,5,chemical
IL2VR,RIPR,43,chemical
IL2VR,RMED,2,chemical
IL2VR,RMEL,8,chemical
IL2VR,RMER,17,chemical
IL2VR,RMEV,15,chemical
IL2VR,SIADR,1,chemical
IL2VR,URAVR,16,chemical
IL2VR,URXR,1,chemical
LUAL,AVAL,27,chemical
LUAL,AVAL,2,electrical
LUAL,AVAR,23,chemical
LUAL,AVDL,27,chemical
LUAL,AVDR,6,chemical
LUAL,AVHL,1,electrical
LUAL,AVJL,4,chemical
LUAL,AVJL,5,electrical
LUAL,AVJR,1,chemical
LUAL,PHBL,2,chemical
LUAL,PLML,8,electrical
LUAL,PVNL,1,chemical
LUAL,PVNL,3,electrical
LUAL,PVQL,1,electrical
LUAL,PVR,6,electrical
LUAL,PVWL,1,chemical
LUAR,AVAL,13,chemical
LUAR,AVAL,2,electrical
LUAR,AVAR,31,chemical
LUAR,AVAR,4,electrical
LUAR,AVDL,5,chemical
LUAR,AVDR,14,chemical
LUAR,AVJL,1,electrical
LUAR,AVJR,4,chemical
LUAR,AVJR,1,electrical
LUAR,PDB,2,chemical
LUAR,PHCR,1,electrical
LUAR,PLMR,9,electrical
LUAR,PQR,7,chemical
LUAR,PVCR,9,chemical
LUAR,PVNL,1,chemical
LUAR,PVNR,2,electrical
LUAR,PVR,2,chemical
LUAR,PVR,9,electrical
LUAR,PVT,4,electrical
LUAR,PVWL,3,chemical
LUAR,PVWL,3,electrical
LUAR,PVWR,2,chemical
LUAR,PVWR,3,electrical
M1,I2L,3,chemical
M1,I2R,2,chemical
M1,I2R,1,electrical
M1,I3,8,chemical
M1,I3,1,electrical
M1,I4,1,chemical
M1,I5,2,chemical
M1,MI,6,chemical
M1,NSML,2,chemical
M2L,I2L,1,electrical
M2L,I3,2,chemical
M2L,I4,8,chemical
M2L,I5,2,chemical
M2L,I5,1,electrical
M2L,M3L,3,chemical
M2L,M3R,1,chemical
M2L,M4,1,electrical
M2L,MCL,1,electrical
M2R,I2R,1,electrical
M2R,I4,1,chemical
M2R,I4,2,electrical
M2R,I5,3,chemical
M2R,I5,1,electrical
M2R,M3L,2,chemical
M2R,M3R,1,chemical
M2R,M3R,1,electrical
M2R,MCR,11,electrical
M2R,MI,5,electrical
M2R,NSMR,1,chemical
M3L,I1L,2,electrical
M3L,NSML,1,chemical
M3L,NSMR,1,electrical
M3R,M2R,1,electrical
M3R,M4,2,chemical
M3R,NSMR,2,electrical
M4,I4,5,chemical
M4,I4,1,electrical
M4,I5,1,chemical
M4,I6,5,electrical
M4,M2L,1,chemical
M4,M2L,1,electrical
M4,M3L,1,chemical
M4,M4,15,chemical
M4,M4,1,electrical
M4,M5,2,electrical
M4,MCL,1,chemical
M5,I5,1,electrical
M5,M4,2,electrical
M5,M5,1,electrical
MCL,M2L,1,electrical
MCR,I1L,1,electrical
MCR,I1R,4,electrical
MCR,I2R,1,electrical
MCR,M2R,11,electrical
MI,I1L,1,chemical
MI,I3,2,chemical
MI,I3,1,electrical
MI,I4,1,chemical
MI,M1,7,chemical
MI,M2L,3,chemical
MI,M2R,2,chemical
MI,M2R,5,electrical
MI,M3L,2,chemical
MI,MCL,3,chemical
MI,NSML,1,chemical
MI,NSMR,2,chemical
NSML,I1L,3,electrical
NSML,I4,1,chemical
NSML,M3L,21,chemical
NSML,M3R,1,chemical
NSML,M4,13,chemical
NSML,NSMR,7,chemical
NSML,NSMR,2,electrical
NSMR,I1R,2,electrical
NSMR,I2L,1,chemical
NSMR,I2R,1,chemical
NSMR,I2R,2,electrical
NSMR,I4,3,chemical
NSMR,I6,4,chemical
NSMR,M3L,1,electrical
NSMR,M3R,24,chemical
NSMR,M3R,2,electrical
NSMR,NSML,2,electrical
OLLL,AVER,53,chemical
OLLL,CEPDL,5,chemical
OLLL,CEPVL,14,chemical
OLLL,IL1VL,3,chemical
OLLL,IL2L,2,electrical
OLLL,OLLL,4,chemical
OLLL,OLLR,11,electrical
OLLL,RIBL,24,chemical
OLLL,RIGL,3,electrical
OLLL,RMDDL,22,chemical
OLLL,RMDL,6,chemical
OLLL,RMDVL,3,chemical
OLLL,RMEL,5,chemical
OLLL,SMDDL,8,chemical
OLLL,SMDDR,9,chemical
OLLL,SMDVR,10,chemical
OLLL,URYDL,2,chemical
OLLL,URYVL,1,chemical
OLLR,ADER,2,chemical
OLLR,AVEL,39,chemical
OLLR,CEPDR,4,chemical
OLLR,CEPVR,16,chemical
OLLR,IL1DR,1,chemical
OLLR,IL1VR,2,chemical
OLLR,IL2R,1,chemical
OLLR,OLLL,11,electrical
OLLR,OLLR,4,chemical
OLLR,OLQDR,1,chemical
OLLR,RIBR,21,chemical
OLLR,RIGR,5,electrical
OLLR,RIS,2,chemical
OLLR,RMDDR,26,chemical
OLLR,RMDL,9,chemical
OLLR,RMDR,2,chemical
OLLR,RMDVR,6,chemical
OLLR,RMED,1,chemical
OLLR,RMER,3,chemical
OLLR,SMDDL,3,chemical
OLLR,SMDDR,1,chemical
OLLR,SMDVL,11,chemical
OLLR,SMDVR,4,chemical
OLLR,URYVL,3,chemical
OLQDL,CEPDL,3,chemical
OLQDL,CEPDL,2,electrical
OLQDL,RIBL,5,electrical
OLQDL,RICR,6,chemical
OLQDL,RIGL,3,electrical
OLQDL,RIH,3,chemical
OLQDL,RMDDL,1,chemical
OLQDL,RMDDR,10,chemical
OLQDL,RMDVL,1,electrical
OLQDL,RMED,1,chemical
OLQDL,RMEL,2,chemical
OLQDL,RMHL,1,chemical
OLQDL,SIBDL,9,chemical
OLQDL,URBL,3,electrical
OLQDL,URYDL,3,chemical
OLQDR,CEPDR,8,electrical
OLQDR,IL1DR,1,chemical
OLQDR,RIBR,5,electrical
OLQDR,RICL,2,chemical
OLQDR,RICR,2,chemical
OLQDR,RIGR,4,electrical
OLQDR,RIH,2,chemical
OLQDR,RIH,2,electrical
OLQDR,RMDDL,11,chemical
OLQDR,RMDVR,1,electrical
OLQDR,RMER,1,chemical
OLQDR,RMHR,3,chemical
OLQDR,SIBDR,6,chemical
OLQDR,URBR,7,electrical
OLQVL,ADAL,4,electrical
OLQVL,AVAL,1,chemical
OLQVL,AVDR,1,chemical
OLQVL,CEPVL,4,electrical
OLQVL,IL2L,1,chemical
OLQVL,RIBL,2,electrical
OLQVL,RICL,4,chemical
OLQVL,RIGL,2,electrical
OLQVL,RMDDL,3,electrical
OLQVL,RMDVR,14,chemical
OLQVL,RMHL,2,chemical
OLQVL,SIBVL,13,chemical
OLQVR,CEPVR,1,electrical
OLQVR,IL1VR,2,chemical
OLQVR,RIAR,10,chemical
OLQVR,RIBR,6,electrical
OLQVR,RICR,3,chemical
OLQVR,RIGR,6,electrical
OLQVR,RIH,18,chemical
OLQVR,RIPR,18,chemical
OLQVR,RMDVL,18,chemical
OLQVR,RMDVL,2,electrical
OLQVR,RMER,2,chemical
OLQVR,RMHR,1,chemical
OLQVR,SIBVR,18,chemical
OLQVR,URBR,5,electrical
PDA,AVL,3,electrical
PDA,DA8,1,electrical
PDA,DA9,1,chemical
PDA,DA9,9,electrical
PDA,DD6,3,chemical
PDA,DD6,1,electrical
PDA,DVA,1,electrical
PDA,PDB,5,electrical
PDA,PVCR,1,electrical
PDA,PVNR,1,chemical
PDA,VD11,10,chemical
PDA,VD12,12,chemical
PDA,VD13,10,chemical
PDB,AS11,4,electrical
PDB,AVJL,2,electrical
PDB,DB7,2,electrical
PDB,DD6,2,chemical
PDB,PDA,5,electrical
PDB,PVPL,1,electrical
PDB,PVR,13,electrical
PDB,VD12,10,chemical
PDB,VD13,10,chemical
PDB,VD13,4,electrical
PDEL,AVKL,2,electrical
PDEL,AVKR,1,electrical
PDEL,DVA,1,chemical
PDEL,DVA,3,electrical
PDEL,PDER,25,electrical
PDEL,PLML,2,electrical
PDEL,PLMR,4,electrical
PDEL,PVCR,2,electrical
PDEL,PVM,11,electrical
PDEL,PVR,8,electrical
PDEL,VB10,1,electrical
PDEL,VB11,4,electrical
PDEL,VD6,2,electrical
PDER,DVA,7,chemical
PDER,DVA,6,electrical
PDER,PDEL,5,chemical
PDER,PDEL,25,electrical
PDER,PLML,3,electrical
PDER,PLMR,2,electrical
PDER,PVCL,1,electrical
PDER,PVDR,1,electrical
PDER,PVM,8,electrical
PDER,PVR,2,chemical
PDER,PVR,9,electrical
PDER,VB10,4,electrical
PDER,VB9,7,electrical
PDER,VD9,5,electrical
PHAL,AVDR,2,chemical
PHAL,AVFL,4,chemical
PHAL,AVG,11,chemical
PHAL,AVG,3,electrical
PHAL,AVHL,4,chemical
PHAL,AVHL,1,electrical
PHAL,AVHR,1,chemical
PHAL,DA8,3,chemical
PHAL,DVA,2,chemical
PHAL,PHAR,13,chemical
PHAL,PHAR,7,electrical
PHAL,PHBL,7,chemical
PHAL,PHBR,10,chemical
PHAL,PHCL,1,electrical
PHAL,PLNL,1,electrical
PHAL,PVPR,7,electrical
PHAL,PVQL,3,chemical
PHAL,PVQL,1,electrical
PHAR,AVDR,2,chemical
PHAR,AVG,9,chemical
PHAR,AVG,2,electrical
PHAR,AVHR,1,chemical
PHAR,AVHR,2,electrical
PHAR,DA8,2,chemical
PHAR,DVA,6,chemical
PHAR,PHAL,11,chemical
PHAR,PHAL,7,electrical
PHAR,PHBL,3,chemical
PHAR,PHBR,8,chemical
PHAR,PHBR,1,electrical
PHAR,PLNR,6,electrical
PHAR,PVCR,2,electrical
PHAR,PVPL,3,chemical
PHAR,PVPL,15,electrical
PHAR,PVQL,4,chemical
PHAR,PVQR,1,chemical
PHAR,PVR,2,electrical
PHAR,PVT,2,chemical
PHBL,AS11,1,chemical
PHBL,AVAL,48,chemical
PHBL,AVAR,33,chemical
PHBL,AVAR,1,electrical
PHBL,AVDL,6,chemical
PHBL,AVDR,1,chemical
PHBL,AVG,1,chemical
PHBL,AVHL,1,electrical
PHBL,AVHR,2,electrical
PHBL,AVJR,1,electrical
PHBL,DA8,1,chemical
PHBL,PHBR,4,chemical
PHBL,PHBR,17,electrical
PHBL,PLNL,1,electrical
PHBL,PQR,1,electrical
PHBL,PVCL,71,chemical
PHBL,PVCL,3,electrical
PHBL,PVNL,1,chemical
PHBL,PVQL,3,electrical
PHBL,VA12,5,chemical
PHBR,AVAL,35,chemical
PHBR,AVAR,38,chemical
PHBR,AVDL,7,chemical
PHBR,AVDR,5,chemical
PHBR,AVHL,10,electrical
PHBR,AVHR,2,electrical
PHBR,PHAR,1,electrical
PHBR,PHBL,3,chemical
PHBR,PHBL,17,electrical
PHBR,PHCR,3,chemical
PHBR,PHCR,1,electrical
PHBR,PLNR,12,electrical
PHBR,PVCL,39,chemical
PHBR,PVCR,21,chemical
PHBR,PVPL,1,electrical
PHBR,PVQR,4,electrical
PHBR,PVR,1,electrical
PHBR,PVT,1,electrical
PHBR,PVWR,1,electrical
PHBR,VA12,1,chemical
PHCL,AVAL,5,chemical
PHCL,AVAL,1,electrical
PHCL,AVHR,1,chemical
PHCL,DA8,2,electrical
PHCL,DA9,1,chemical
PHCL,DVA,12,chemical
PHCL,LUAL,2,chemical
PHCL,PHAL,1,electrical
PHCL,PHCR,2,chemical
PHCL,PHCR,2,electrical
PHCL,PLML,11,electrical
PHCL,PLNL,2,electrical
PHCL,PVCL,7,chemical
PHCL,PVQR,2,chemical
PHCL,VA12,6,chemical
PHCL,VA12,1,electrical
PHCR,AVAL,3,electrical
PHCR,AVAR,1,electrical
PHCR,AVG,1,electrical
PHCR,AVHL,2,electrical
PHCR,AVHR,2,chemical
PHCR,AVJR,1,electrical
PHCR,DA9,23,chemical
PHCR,DA9,7,electrical
PHCR,DVA,22,chemical
PHCR,LUAR,6,chemical
PHCR,LUAR,1,electrical
PHCR,PHAR,2,chemical
PHCR,PHBR,1,electrical
PHCR,PHCL,4,chemical
PHCR,PHCL,2,electrical
PHCR,PVCR,25,chemical
PHCR,PVCR,5,electrical
PHCR,PVQR,4,chemical
PHCR,VA12,8,chemical
PLML,LUAL,8,electrical
PLML,PDEL,2,electrical
PLML,PDER,3,electrical
PLML,PHCL,11,electrical
PLML,PLNL,1,electrical
PLML,PVCL,4,electrical
PLMR,LUAR,9,electrical
PLMR,PDEL,4,electrical
PLMR,PDER,2,electrical
PLMR,PLNR,1,electrical
PLMR,PVCR,8,electrical
PLMR,PVR,3,electrical
PLNL,PHAL,1,electrical
PLNL,PHBL,1,electrical
PLNL,PHCL,2,electrical
PLNL,PLML,1,electrical
PLNL,PVWL,1,electrical
PLNL,RMDVL,1,chemical
PLNL,SAADR,8,chemical
PLNL,SAAVL,1,chemical
PLNL,SIAVL,10,chemical
PLNL,SMBVL,10,chemical
PLNL,SMBVR,13,chemical
PLNL,SMDVR,2,chemical
PLNL,VA2,2,electrical
PLNR,PHAR,6,electrical
PLNR,PHBR,12,electrical
PLNR,PLMR,1,electrical
PLNR,SAADL,5,chemical
PLNR,SIAVR,10,chemical
PLNR,SMBVL,7,chemical
PLNR,SMBVR,10,chemical
PLNR,SMDVL,2,chemical
PQR,AVAL,23,chemical
PQR,AVAR,26,chemical
PQR,AVDL,15,chemical
PQR,AVDL,2,electrical
PQR,AVDR,20,chemical
PQR,AVDR,3,electrical
PQR,AVG,1,chemical
PQR,AVHL,1,chemical
PQR,AVJL,5,electrical
PQR,AVJR,1,chemical
PQR,AVJR,2,electrical
PQR,DA8,1,chemical
PQR,DB7,2,chemical
PQR,LUAR,3,chemical
PQR,PHBL,2,chemical
PQR,PHBL,1,electrical
PQR,PVCL,1,chemical
PQR,PVCL,2,electrical
PQR,PVCR,1,chemical
PQR,PVNL,2,chemical
PQR,PVNL,3,electrical
PQR,PVNR,2,electrical
PQR,PVPL,16,electrical
PQR,PVPR,1,chemical
PQR,PVPR,10,electrical
PQR,PVWL,2,electrical
PVCL,ADLR,2,chemical
PVCL,AS1,1,chemical
PVCL,AS2,1,chemical
PVCL,ASHR,2,chemical
PVCL,AVAL,5,chemical
PVCL,AVAL,5,electrical
PVCL,AVAR,7,chemical
PVCL,AVAR,10,electrical
PVCL,AVBL,7,chemical
PVCL,AVBR,27,chemical
PVCL,AVDL,7,chemical
PVCL,AVDR,11,chemical
PVCL,AVEL,2,chemical
PVCL,AVER,7,chemical
PVCL,AVFL,1,electrical
PVCL,AVG,2,chemical
PVCL,AVJL,3,chemical
PVCL,AVJL,3,electrical
PVCL,AVJR,2,chemical
PVCL,AVJR,3,electrical
PVCL,DA4,1,electrical
PVCL,DA5,1,chemical
PVCL,DA7,1,electrical
PVCL,DA8,2,chemical
PVCL,DA8,17,electrical
PVCL,DB2,4,chemical
PVCL,DB3,2,chemical
PVCL,DB4,6,chemical
PVCL,DB7,5,chemical
PVCL,DB7,8,electrical
PVCL,DVA,4,chemical
PVCL,DVA,3,electrical
PVCL,PDER,1,chemical
PVCL,PDER,1,electrical
PVCL,PHBL,3,electrical
PVCL,PLML,4,electrical
PVCL,PQR,2,electrical
PVCL,PVCL,1,chemical
PVCL,PVCR,10,chemical
PVCL,PVCR,67,electrical
PVCL,PVNL,2,electrical
PVCL,PVQR,1,electrical
PVCL,PVWL,4,electrical
PVCL,RID,12,chemical
PVCL,RIS,2,chemical
PVCL,SIBVL,7,chemical
PVCL,SMBVR,3,chemical
PVCL,VA11,1,chemical
PVCL,VA12,18,electrical
PVCL,VB10,2,electrical
PVCL,VB11,1,chemical
PVCL,VB11,4,electrical
PVCL,VB4,3,chemical
PVCL,VB6,2,chemical
PVCL,VD13,1,electrical
PVCR,AQR,2,chemical
PVCR,AVAL,10,chemical
PVCR,AVAL,15,electrical
PVCR,AVAR,5,chemical
PVCR,AVAR,22,electrical
PVCR,AVBL,21,chemical
PVCR,AVBR,14,chemical
PVCR,AVDL,16,chemical
PVCR,AVDR,6,chemical
PVCR,AVDR,2,electrical
PVCR,AVEL,6,chemical
PVCR,AVER,6,chemical
PVCR,AVHL,1,chemical
PVCR,AVJL,19,electrical
PVCR,AVJR,1,electrical
PVCR,AVL,1,chemical
PVCR,DA2,1,chemical
PVCR,DA4,1,chemical
PVCR,DA5,2,chemical
PVCR,DA7,1,chemical
PVCR,DA7,3,electrical
PVCR,DA8,1,electrical
PVCR,DA9,3,electrical
PVCR,DB2,4,chemical
PVCR,DB3,6,chemical
PVCR,DB4,6,chemical
PVCR,DB7,2,electrical
PVCR,DVA,3,chemical
PVCR,DVA,1,electrical
PVCR,FLPL,2,chemical
PVCR,LUAR,1,chemical
PVCR,PDA,1,electrical
PVCR,PDEL,2,electrical
PVCR,PDER,1,chemical
PVCR,PHAR,2,electrical
PVCR,PHCR,5,electrical
PVCR,PLMR,8,electrical
PVCR,PVCL,4,chemical
PVCR,PVCL,67,electrical
PVCR,PVDL,2,chemical
PVCR,PVDL,1,electrical
PVCR,PVDR,1,chemical
PVCR,PVDR,2,electrical
PVCR,PVPR,1,chemical
PVCR,PVR,1,chemical
PVCR,PVR,19,electrical
PVCR,PVT,4,electrical
PVCR,PVWL,10,electrical
PVCR,PVWR,1,chemical
PVCR,PVWR,10,electrical
PVCR,RID,19,chemical
PVCR,SIBVL,1,electrical
PVCR,SIBVR,10,chemical
PVCR,VA11,3,electrical
PVCR,VA12,8,electrical
PVCR,VB10,1,electrical
PVCR,VB11,3,chemical
PVCR,VB11,2,electrical
PVCR,VB3,1,chemical
PVCR,VB4,1,chemical
PVCR,VB6,4,chemical
PVCR,VD12,1,electrical
PVDL,AVAL,13,chemical
PVDL,AVAR,29,chemical
PVDL,AVAR,4,electrical
PVDL,AVDL,1,chemical
PVDL,AVDR,1,chemical
PVDL,AVFL,1,chemical
PVDL,AVG,8,chemical
PVDL,AVG,1,electrical
PVDL,DD5,3,chemical
PVDL,PVCL,13,chemical
PVDL,PVCR,36,chemical
PVDL,PVCR,1,electrical
PVDL,PVDR,10,chemical
PVDL,PVDR,3,electrical
PVDL,PVPL,1,chemical
PVDL,VA10,1,electrical
PVDL,VD10,3,chemical
PVDR,AVAL,9,chemical
PVDR,AVAL,6,electrical
PVDR,AVAR,30,chemical
PVDR,AVDL,1,chemical
PVDR,DVA,5,chemical
PVDR,DVC,1,electrical
PVDR,PDER,1,electrical
PVDR,PVCL,29,chemical
PVDR,PVCR,29,chemical
PVDR,PVCR,2,electrical
PVDR,PVDL,2,chemical
PVDR,PVDL,3,electrical
PVDR,VA12,3,chemical
PVDR,VA9,2,chemical
PVDR,VB5,1,chemical
PVDR,VB6,4,chemical
PVDR,VD9,1,electrical
PVM,AVKL,15,chemical
PVM,AVKL,1,electrical
PVM,AVM,2,chemical
PVM,DB3,2,electrical
PVM,DVA,3,chemical
PVM,DVA,1,electrical
PVM,PDEL,11,electrical
PVM,PDER,8,electrical
PVM,PVCL,1,chemical
PVM,PVCR,2,chemical
PVM,PVM,1,electrical
PVM,PVR,3,chemical
PVM,PVR,1,electrical
PVM,VD9,1,electrical
PVNL,AVAL,6,chemical
PVNL,AVAL,1,electrical
PVNL,AVBR,2,chemical
PVNL,AVBR,7,electrical
PVNL,AVDL,7,chemical
PVNL,AVDR,6,chemical
PVNL,AVDR,1,electrical
PVNL,AVG,2,chemical
PVNL,AVHL,1,electrical
PVNL,AVHR,1,electrical
PVNL,AVJL,6,chemical
PVNL,AVJL,5,electrical
PVNL,AVJR,8,chemical
PVNL,AVL,1,chemical
PVNL,BDUL,5,chemical
PVNL,BDUL,1,electrical
PVNL,BDUR,2,chemical
PVNL,DD1,5,chemical
PVNL,DD6,1,electrical
PVNL,LUAL,3,chemical
PVNL,LUAL,3,electrical
PVNL,PQR,5,chemical
PVNL,PQR,3,electrical
PVNL,PVCL,5,chemical
PVNL,PVCL,2,electrical
PVNL,PVDL,1,chemical
PVNL,PVNR,9,chemical
PVNL,PVNR,2,electrical
PVNL,PVPL,2,electrical
PVNL,PVPR,1,chemical
PVNL,PVPR,6,electrical
PVNL,PVT,6,chemical
PVNL,PVT,2,electrical
PVNL,PVWL,4,chemical
PVNL,PVWR,1,chemical
PVNL,VA12,1,chemical
PVNL,VD12,1,chemical
PVNL,VD12,1,electrical
PVNR,ALML,2,chemical
PVNR,AVAL,5,chemical
PVNR,AVBL,5,electrical
PVNR,AVBR,1,chemical
PVNR,AVBR,2,electrical
PVNR,AVDL,1,chemical
PVNR,AVDL,1,electrical
PVNR,AVDR,2,chemical
PVNR,AVDR,1,electrical
PVNR,AVEL,5,chemical
PVNR,AVFL,1,electrical
PVNR,AVHL,1,electrical
PVNR,AVHR,1,electrical
PVNR,AVJL,1,chemical
PVNR,AVJL,2,electrical
PVNR,AVJR,1,chemical
PVNR,AVJR,5,electrical
PVNR,AVL,3,chemical
PVNR,AVL,2,electrical
PVNR,BDUL,1,chemical
PVNR,CEPDL,2,chemical
PVNR,DB3,1,chemical
PVNR,DD2,1,chemical
PVNR,DVC,1,electrical
PVNR,HSNR,1,chemical
PVNR,HSNR,2,electrical
PVNR,LUAR,2,electrical
PVNR,PQR,4,chemical
PVNR,PQR,2,electrical
PVNR,PVCR,2,chemical
PVNR,PVDR,5,chemical
PVNR,PVNL,2,electrical
PVNR,PVNR,1,chemical
PVNR,PVPR,2,electrical
PVNR,PVR,1,chemical
PVNR,PVR,5,electrical
PVNR,PVT,3,chemical
PVNR,PVT,3,electrical
PVNR,PVWL,9,chemical
PVNR,PVWR,2,chemical
PVNR,PVWR,6,electrical
PVNR,URBL,2,chemical
PVNR,URXL,2,chemical
PVNR,VA11,1,chemical
PVNR,VA6,1,chemical
PVNR,VC2,1,chemical
PVNR,VC6,1,electrical
PVNR,VD13,2,chemical
PVNR,VD13,1,electrical
PVNR,VD3,3,chemical
PVNR,VD4,6,chemical
PVNR,VD6,1,chemical
PVNR,VD7,1,chemical
PVPL,ADAL,1,chemical
PVPL,AIBR,2,electrical
PVPL,AQR,8,chemical
PVPL,AQR,41,electrical
PVPL,AS11,6,electrical
PVPL,AVAL,4,chemical
PVPL,AVAL,1,electrical
PVPL,AVAR,3,chemical
PVPL,AVBL,13,chemical
PVPL,AVBR,12,chemical
PVPL,AVDR,3,chemical
PVPL,AVFL,2,electrical
PVPL,AVFR,3,electrical
PVPL,AVG,3,electrical
PVPL,AVHL,2,electrical
PVPL,AVHR,3,chemical
PVPL,AVHR,4,electrical
PVPL,AVKL,3,electrical
PVPL,AVKR,22,electrical
PVPL,AVL,1,electrical
PVPL,DD6,2,electrical
PVPL,DVA,1,electrical
PVPL,DVB,4,electrical
PVPL,DVC,20,electrical
PVPL,HSNL,1,electrical
PVPL,PDB,1,electrical
PVPL,PHAR,15,electrical
PVPL,PHBR,1,electrical
PVPL,PQR,16,electrical
PVPL,PVCL,3,chemical
PVPL,PVCR,9,chemical
PVPL,PVDL,1,chemical
PVPL,PVNL,2,electrical
PVPL,PVPL,1,electrical
PVPL,PVPR,2,electrical
PVPL,PVQL,8,electrical
PVPL,PVT,14,electrical
PVPL,RIGL,3,chemical
PVPL,RIGL,2,electrical
PVPL,RIR,1,chemical
PVPL,VA11,6,electrical
PVPL,VA12,1,electrical
PVPL,VD11,1,electrical
PVPL,VD13,11,electrical
PVPR,ADFR,2,chemical
PVPR,AQR,5,chemical
PVPR,AQR,61,electrical
PVPR,ASHR,2,chemical
PVPR,AVAL,1,chemical
PVPR,AVAL,2,electrical
PVPR,AVAR,5,chemical
PVPR,AVBL,8,chemical
PVPR,AVBR,11,chemical
PVPR,AVBR,1,electrical
PVPR,AVEL,1,electrical
PVPR,AVFL,1,electrical
PVPR,AVG,1,chemical
PVPR,AVG,2,electrical
PVPR,AVHL,3,chemical
PVPR,AVHL,6,electrical
PVPR,AVHR,3,electrical
PVPR,AVJL,2,chemical
PVPR,AVKL,6,electrical
PVPR,AVL,4,chemical
PVPR,AVL,8,electrical
PVPR,DD2,1,chemical
PVPR,DD6,9,electrical
PVPR,DVB,4,electrical
PVPR,DVC,3,chemical
PVPR,DVC,34,electrical
PVPR,HSNR,2,chemical
PVPR,HSNR,1,electrical
PVPR,PHAL,7,electrical
PVPR,PQR,10,electrical
PVPR,PVCL,6,chemical
PVPR,PVCR,13,chemical
PVPR,PVNL,6,electrical
PVPR,PVNR,2,electrical
PVPR,PVPL,2,electrical
PVPR,PVQR,1,chemical
PVPR,PVT,17,electrical
PVPR,PVWL,1,electrical
PVPR,RIAR,2,chemical
PVPR,RIGR,2,chemical
PVPR,RMGR,3,electrical
PVPR,URXR,1,chemical
PVPR,VC1,1,electrical
PVPR,VC6,1,electrical
PVPR,VD12,35,electrical
PVQL,ADAL,4,electrical
PVQL,AIAL,10,chemical
PVQL,ASJL,3,chemical
PVQL,ASJL,1,electrical
PVQL,ASKL,12,chemical
PVQL,ASKL,8,electrical
PVQL,AVFR,2,electrical
PVQL,AVG,1,electrical
PVQL,AVHR,1,chemical
PVQL,AVHR,3,electrical
PVQL,AVKR,2,electrical
PVQL,AWAL,1,chemical
PVQL,DA8,1,chemical
PVQL,DD6,1,chemical
PVQL,HSNL,3,chemical
PVQL,HSNR,6,chemical
PVQL,LUAL,1,electrical
PVQL,PHAL,1,electrical
PVQL,PHBL,3,electrical
PVQL,PVPL,1,chemical
PVQL,PVPL,8,electrical
PVQL,PVQR,46,electrical
PVQL,RMGL,1,chemical
PVQR,ADAR,2,electrical
PVQR,ADER,2,electrical
PVQR,AIAL,1,chemical
PVQR,AIAR,12,chemical
PVQR,AIMR,2,chemical
PVQR,ASER,2,chemical
PVQR,ASER,1,electrical
PVQR,ASJL,1,chemical
PVQR,ASJR,5,electrical
PVQR,ASKR,6,chemical
PVQR,ASKR,25,electrical
PVQR,AVBR,1,chemical
PVQR,AVFL,5,electrical
PVQR,AVFR,1,chemical
PVQR,AVFR,2,electrical
PVQR,AVHR,2,electrical
PVQR,AVL,2,chemical
PVQR,AWAR,4,chemical
PVQR,DA7,1,electrical
PVQR,DD1,1,chemical
PVQR,DD6,2,chemical
PVQR,DVC,7,electrical
PVQR,PHBR,4,electrical
PVQR,PVCL,1,electrical
PVQR,PVQL,46,electrical
PVQR,PVT,1,electrical
PVQR,PVWR,1,electrical
PVQR,RIFR,4,chemical
PVQR,RMGR,1,chemical
PVQR,VC2,1,chemical
PVQR,VD1,1,chemical
PVR,ADAR,1,chemical
PVR,ALML,3,electrical
PVR,ALMR,2,chemical
PVR,ALMR,3,electrical
PVR,ALNR,16,electrical
PVR,AVBL,17,chemical
PVR,AVBR,17,chemical
PVR,AVJL,11,chemical
PVR,AVJR,5,chemical
PVR,AVKL,1,chemical
PVR,AVM,4,electrical
PVR,BDUR,3,electrical
PVR,CEPVR,2,chemical
PVR,DA5,1,chemical
PVR,DA9,2,chemical
PVR,DA9,15,electrical
PVR,DB2,2,chemical
PVR,DB3,3,chemical
PVR,DB4,1,chemical
PVR,DB7,2,chemical
PVR,DB7,4,electrical
PVR,DVA,2,chemical
PVR,DVA,15,electrical
PVR,IL1DR,5,chemical
PVR,IL1VL,9,chemical
PVR,IL1VR,9,chemical
PVR,LUAL,6,electrical
PVR,LUAR,9,electrical
PVR,PDB,13,electrical
PVR,PDEL,8,electrical
PVR,PDER,9,electrical
PVR,PHAR,2,electrical
PVR,PHBR,1,electrical
PVR,PLMR,3,electrical
PVR,PVCL,4,chemical
PVR,PVCR,19,electrical
PVR,PVM,1,chemical
PVR,PVM,1,electrical
PVR,PVNR,5,electrical
PVR,PVR,1,chemical
PVR,PVWR,2,electrical
PVR,RIPL,16,chemical
PVR,RIPR,19,chemical
PVR,SABD,2,chemical
PVR,SDQR,5,chemical
PVR,URADL,3,chemical
PVR,VB3,2,chemical
PVR,VD13,1,electrical
PVT,AIBL,5,chemical
PVT,AIBR,10,chemical
PVT,AIBR,1,electrical
PVT,AVAR,2,electrical
PVT,AVDL,1,electrical
PVT,AVG,4,electrical
PVT,AVHR,2,electrical
PVT,AVJR,1,electrical
PVT,AVKL,7,chemical
PVT,AVKL,5,electrical
PVT,AVKR,8,chemical
PVT,AVKR,1,electrical
PVT,AVL,3,chemical
PVT,AVL,6,electrical
PVT,DD6,3,electrical
PVT,DVA,8,electrical
PVT,DVB,3,electrical
PVT,DVC,3,chemical
PVT,DVC,11,electrical
PVT,LUAR,4,electrical
PVT,PHBR,1,electrical
PVT,PVCR,4,electrical
PVT,PVNL,2,electrical
PVT,PVNR,3,electrical
PVT,PVPL,14,electrical
PVT,PVPR,17,electrical
PVT,PVQR,1,electrical
PVT,PVWR,2,electrical
PVT,RIGL,1,chemical
PVT,RIGR,6,chemical
PVT,RIH,2,chemical
PVT,RIS,1,chemical
PVT,RMEV,4,chemical
PVT,RMEV,1,electrical
PVT,RMFL,3,chemical
PVT,RMFR,7,chemical
PVT,URAVL,1,electrical
PVT,VC3,1,electrical
PVT,VC6,2,electrical
PVT,VD11,3,electrical
PVT,VD12,4,electrical
PVT,VD13,17,electrical
PVWL,AVJL,3,electrical
PVWL,DA8,1,electrical
PVWL,LUAR,3,electrical
PVWL,PLNL,1,electrical
PVWL,PQR,2,electrical
PVWL,PVCL,1,chemical
PVWL,PVCL,4,electrical
PVWL,PVCR,1,chemical
PVWL,PVCR,10,electrical
PVWL,PVPR,1,electrical
PVWL,PVT,1,chemical
PVWL,PVWR,1,chemical
PVWL,PVWR,2,electrical
PVWL,VD12,1,chemical
PVWL,VD12,6,electrical
PVWL,VD13,1,electrical
PVWR,AVAR,1,chemical
PVWR,AVAR,2,electrical
PVWR,AVDR,2,chemical
PVWR,AVDR,1,electrical
PVWR,AVJL,5,electrical
PVWR,AVJR,1,electrical
PVWR,AVL,3,electrical
PVWR,LUAR,1,chemical
PVWR,LUAR,3,electrical
PVWR,PHBR,1,electrical
PVWR,PVCR,10,electrical
PVWR,PVNR,6,electrical
PVWR,PVQR,1,electrical
PVWR,PVR,2,electrical
PVWR,PVT,2,electrical
PVWR,PVWL,2,electrical
PVWR,VA12,1,chemical
PVWR,VD13,2,electrical
RIAL,ADFL,1,electrical
RIAL,AINR,2,electrical
RIAL,AIZL,1,chemical
RIAL,AQR,4,chemical
RIAL,AVAL,2,chemical
RIAL,BAGR,2,chemical
RIAL,CEPDL,1,chemical
RIAL,RIAR,23,chemical
RIAL,RIBL,2,chemical
RIAL,RIBL,1,electrical
RIAL,RIML,2,chemical
RIAL,RIMR,2,chemical
RIAL,RIR,3,chemical
RIAL,RIVL,8,chemical
RIAL,RIVR,12,chemical
RIAL,RMDDL,48,chemical
RIAL,RMDDR,35,chemical
RIAL,RMDL,26,chemical
RIAL,RMDR,17,chemical
RIAL,RMDVL,48,chemical
RIAL,RMDVR,48,chemical
RIAL,SAADL,1,chemical
RIAL,SIADL,3,chemical
RIAL,SIAVR,2,chemical
RIAL,SMBDR,7,chemical
RIAL,SMDDL,22,chemical
RIAL,SMDDR,33,chemical
RIAL,SMDVL,14,chemical
RIAL,SMDVL,4,electrical
RIAL,SMDVR,32,chemical
RIAL,URXL,2,chemical
RIAR,ADFR,2,chemical
RIAR,AUAR,2,chemical
RIAR,AVAR,2,chemical
RIAR,CEPVL,1,chemical
RIAR,CEPVR,1,chemical
RIAR,IL1R,2,chemical
RIAR,RIAL,38,chemical
RIAR,RIAR,3,chemical
RIAR,RIBR,1,chemical
RIAR,RIVL,3,chemical
RIAR,RIVR,3,chemical
RIAR,RMDDL,48,chemical
RIAR,RMDDL,1,electrical
RIAR,RMDDR,53,chemical
RIAR,RMDDR,1,electrical
RIAR,RMDL,9,chemical
RIAR,RMDR,35,chemical
RIAR,RMDVL,57,chemical
RIAR,RMDVR,47,chemical
RIAR,SAADR,1,chemical
RIAR,SAAVR,1,electrical
RIAR,SIADR,4,chemical
RIAR,SIAVL,7,chemical
RIAR,SIAVL,1,electrical
RIAR,SIAVR,1,electrical
RIAR,SMBDR,2,chemical
RIAR,SMBVR,2,chemical
RIAR,SMDDL,32,chemical
RIAR,SMDDL,1,electrical
RIAR,SMDDR,26,chemical
RIAR,SMDVL,43,chemical
RIAR,SMDVR,26,chemical
RIAR,SMDVR,1,electrical
RIBL,AIBR,8,chemical
RIBL,AUAL,9,chemical
RIBL,AVAL,5,chemical
RIBL,AVBL,6,electrical
RIBL,AVBR,1,chemical
RIBL,AVBR,3,electrical
RIBL,AVDR,4,chemical
RIBL,AVEL,9,chemical
RIBL,AVER,14,chemical
RIBL,BAGR,3,chemical
RIBL,CEPVL,5,chemical
RIBL,DVC,1,chemical
RIBL,OLQDL,5,electrical
RIBL,OLQVL,2,electrical
RIBL,RIAL,6,chemical
RIBL,RIAL,1,electrical
RIBL,RIBL,3,electrical
RIBL,RIBR,15,electrical
RIBL,RIGL,1,chemical
RIBL,RIGL,3,electrical
RIBL,RIML,1,chemical
RIBL,RIS,5,chemical
RIBL,RMDR,1,chemical
RIBL,RMEV,2,electrical
RIBL,SIADL,2,electrical
RIBL,SIAVL,1,electrical
RIBL,SIBDL,5,electrical
RIBL,SIBVL,1,electrical
RIBL,SIBVR,2,electrical
RIBL,SMDDL,3,electrical
RIBL,SMDVR,6,chemical
RIBL,URYDL,3,chemical
RIBR,AIBL,3,chemical
RIBR,AINL,1,chemical
RIBR,AIZR,2,chemical
RIBR,AUAR,2,chemical
RIBR,AVAR,6,chemical
RIBR,AVBL,2,chemical
RIBR,AVBL,2,electrical
RIBR,AVBR,3,electrical
RIBR,AVEL,6,chemical
RIBR,AVER,4,chemical
RIBR,BAGL,8,chemical
RIBR,OLLR,1,chemical
RIBR,OLQDR,5,electrical
RIBR,OLQVR,6,electrical
RIBR,RIAR,8,chemical
RIBR,RIBL,15,electrical
RIBR,RIBR,5,electrical
RIBR,RIGR,5,chemical
RIBR,RIGR,2,electrical
RIBR,RIH,2,chemical
RIBR,RIS,1,chemical
RIBR,RMDVR,1,chemical
RIBR,RMED,1,chemical
RIBR,SIADR,3,electrical
RIBR,SIAVR,2,electrical
RIBR,SIBDR,2,electrical
RIBR,SIBVR,6,electrical
RIBR,SMBDR,2,electrical
RIBR,SMDDL,2,chemical
RIBR,SMDDL,4,electrical
RIBR,SMDDR,2,electrical
RIBR,SMDVL,2,chemical
RIBR,SMDVR,2,chemical
RIBR,URYVR,2,chemical
RICL,ADAL,1,chemical
RICL,ADAR,7,chemical
RICL,ADLR,2,chemical
RICL,ASHL,5,electrical
RICL,AVAL,15,chemical
RICL,AVAR,18,chemical
RICL,AVKR,4,electrical
RICL,AWBR,4,electrical
RICL,CEPDL,1,chemical
RICL,CEPVL,2,chemical
RICL,OLQVL,1,chemical
RICL,RICR,2,chemical
RICL,RIML,1,chemical
RICL,RIMR,8,chemical
RICL,RIVR,4,chemical
RICL,RMFR,2,chemical
RICL,SAAVL,2,chemical
RICL,SMBDL,5,chemical
RICL,SMBDR,1,chemical
RICL,SMDDL,11,chemical
RICL,SMDDR,8,chemical
RICL,SMDVR,1,chemical
RICL,URBR,2,chemical
RICR,ADAR,2,chemical
RICR,AIBL,2,chemical
RICR,AIBR,2,chemical
RICR,AIBR,1,electrical
RICR,AIZL,6,chemical
RICR,ASHR,4,electrical
RICR,AVAL,15,chemical
RICR,AVAR,13,chemical
RICR,AVKR,1,chemical
RICR,CEPDL,1,chemical
RICR,CEPDR,1,chemical
RICR,RICL,3,chemical
RICR,RIML,10,chemical
RICR,RIMR,1,chemical
RICR,RIVL,1,chemical
RICR,RMFL,1,chemical
RICR,RMGL,1,chemical
RICR,RMHR,1,electrical
RICR,SMBDR,3,chemical
RICR,SMDDL,9,chemical
RICR,SMDDR,9,chemical
RICR,SMDVL,6,chemical
RICR,SMDVR,3,chemical
RICR,URBR,2,chemical
RICR,URXR,1,electrical
RICR,VB1,7,chemical
RID,ALA,4,electrical
RID,AVBL,2,electrical
RID,AVBR,7,electrical
RID,DA2,1,chemical
RID,DA6,2,chemical
RID,DB1,1,chemical
RID,DB1,2,electrical
RID,DB3,1,electrical
RID,DD1,3,chemical
RID,DD2,2,chemical
RID,FLPL,1,chemical
RID,RID,5,electrical
RID,RMED,5,chemical
RID,VD5,1,chemical
RIFL,ALML,5,chemical
RIFL,AVBL,26,chemical
RIFL,AVBR,1,chemical
RIFL,AVDL,1,electrical
RIFL,AVER,1,electrical
RIFL,AVHR,1,chemical
RIFL,AVJR,8,chemical
RIFL,HSNL,1,electrical
RIFL,PVPL,8,chemical
RIFL,RIML,7,chemical
RIFR,ADLR,1,chemical
RIFR,AIZL,1,chemical
RIFR,ASHR,6,chemical
RIFR,AVBL,1,chemical
RIFR,AVBR,35,chemical
RIFR,AVFL,1,chemical
RIFR,AVG,3,electrical
RIFR,AVJL,2,chemical
RIFR,AVJL,1,electrical
RIFR,AVJR,2,chemical
RIFR,AWBR,2,chemical
RIFR,CEPVR,2,chemical
RIFR,DD1,2,electrical
RIFR,HSNL,2,chemical
RIFR,HSNR,3,chemical
RIFR,PVCL,1,chemical
RIFR,PVCR,1,chemical
RIFR,PVPR,6,chemical
RIFR,RIAR,1,chemical
RIFR,RIFL,1,chemical
RIFR,RIMR,10,chemical
RIFR,RIPR,2,chemical
RIFR,RMGR,1,electrical
RIFR,URXR,3,chemical
RIGL,ADFL,1,chemical
RIGL,ADLL,2,chemical
RIGL,AIBR,4,chemical
RIGL,AIBR,3,electrical
RIGL,AIZL,10,chemical
RIGL,AIZL,1,electrical
RIGL,AIZR,2,chemical
RIGL,ALNL,6,chemical
RIGL,AVEL,7,chemical
RIGL,AVER,1,chemical
RIGL,AVKL,2,electrical
RIGL,AVKR,17,chemical
RIGL,BAGL,1,electrical
RIGL,BAGR,3,chemical
RIGL,DVA,1,chemical
RIGL,OLLL,3,electrical
RIGL,OLQDL,3,electrical
RIGL,OLQVL,2,chemical
RIGL,OLQVL,2,electrical
RIGL,PVPL,2,chemical
RIGL,PVPL,2,electrical
RIGL,RIBL,3,chemical
RIGL,RIBL,3,electrical
RIGL,RIGR,81,electrical
RIGL,RIH,2,chemical
RIGL,RIR,8,chemical
RIGL,RMEL,2,electrical
RIGL,RMFL,1,electrical
RIGL,RMGL,6,chemical
RIGL,RMHR,23,chemical
RIGL,URXL,6,chemical
RIGL,URYDL,4,electrical
RIGL,URYVL,3,electrical
RIGL,VD1,3,electrical
RIGR,ADEL,1,electrical
RIGR,AFDR,1,chemical
RIGR,AIBL,2,chemical
RIGR,AIBL,3,electrical
RIGR,AIZR,5,chemical
RIGR,ALNR,3,chemical
RIGR,AQR,3,electrical
RIGR,AVDL,1,chemical
RIGR,AVER,4,chemical
RIGR,AVKL,21,chemical
RIGR,AVKL,1,electrical
RIGR,AVKR,5,chemical
RIGR,AVKR,2,electrical
RIGR,BAGL,2,chemical
RIGR,BAGL,2,electrical
RIGR,DVA,4,chemical
RIGR,DVC,2,chemical
RIGR,OLLR,5,electrical
RIGR,OLQDR,4,electrical
RIGR,OLQVR,2,chemical
RIGR,OLQVR,6,electrical
RIGR,PVT,5,chemical
RIGR,RIAR,3,chemical
RIGR,RIBR,2,chemical
RIGR,RIBR,2,electrical
RIGR,RIGL,81,electrical
RIGR,RIR,5,chemical
RIGR,RMFL,1,electrical
RIGR,RMHL,17,chemical
RIGR,URXR,3,chemical
RIGR,URYDR,3,electrical
RIGR,URYVR,2,chemical
RIGR,VD1,2,electrical
RIH,ADFR,3,chemical
RIH,ADFR,1,electrical
RIH,AIYL,3,chemical
RIH,AIYR,4,chemical
RIH,AIZL,12,chemical
RIH,AIZL,1,electrical
RIH,AIZR,19,chemical
RIH,AUAR,2,chemical
RIH,BAGL,2,chemical
RIH,BAGR,5,chemical
RIH,CEPDL,6,chemical
RIH,CEPVL,3,chemical
RIH,CEPVL,1,electrical
RIH,CEPVR,6,chemical
RIH,FLPL,1,electrical
RIH,IL2L,2,chemical
RIH,IL2R,3,chemical
RIH,IL2VL,4,chemical
RIH,IL2VR,5,chemical
RIH,OLQDL,11,chemical
RIH,OLQDR,7,chemical
RIH,OLQDR,2,electrical
RIH,OLQVL,13,chemical
RIH,OLQVR,7,chemical
RIH,RIAL,34,chemical
RIH,RIAR,36,chemical
RIH,RIBL,18,chemical
RIH,RIBR,15,chemical
RIH,RIPL,18,chemical
RIH,RIPR,7,chemical
RIH,RMER,6,chemical
RIH,RMEV,10,chemical
RIH,URAVR,1,chemical
RIH,URYVR,4,chemical
RIML,AIBL,1,chemical
RIML,AIBR,22,chemical
RIML,AIBR,2,electrical
RIML,AIYL,5,electrical
RIML,AVAL,5,chemical
RIML,AVAR,2,chemical
RIML,AVAR,8,electrical
RIML,AVBL,9,chemical
RIML,AVBR,11,chemical
RIML,AVEL,10,electrical
RIML,AVER,5,chemical
RIML,AVER,9,electrical
RIML,AVKR,1,chemical
RIML,RIAL,3,chemical
RIML,RIBL,9,chemical
RIML,RICR,1,chemical
RIML,RIML,11,chemical
RIML,RIMR,2,chemical
RIML,RIS,2,electrical
RIML,RMDL,9,chemical
RIML,RMDL,1,electrical
RIML,RMDR,21,chemical
RIML,RMFL,2,chemical
RIML,RMFL,3,electrical
RIML,RMFR,2,chemical
RIML,SAADL,1,chemical
RIML,SAADR,4,chemical
RIML,SAAVL,10,chemical
RIML,SAAVR,10,chemical
RIML,SIADL,1,electrical
RIML,SMDDL,11,chemical
RIML,SMDDR,14,chemical
RIML,SMDVL,11,chemical
RIML,VB1,8,chemical
RIMR,ADAR,9,chemical
RIMR,AIBL,15,chemical
RIMR,AIBL,1,electrical
RIMR,AIYR,3,electrical
RIMR,AVAL,9,chemical
RIMR,AVAL,11,electrical
RIMR,AVAR,2,electrical
RIMR,AVBL,9,chemical
RIMR,AVBR,12,chemical
RIMR,AVEL,7,electrical
RIMR,AVER,11,electrical
RIMR,AVJL,4,chemical
RIMR,AVKL,1,chemical
RIMR,AVKR,1,electrical
RIMR,RIBR,4,chemical
RIMR,RIML,4,chemical
RIMR,RIS,2,chemical
RIMR,RIS,2,electrical
RIMR,RMDL,15,chemical
RIMR,RMDR,12,chemical
RIMR,RMFL,1,chemical
RIMR,RMFR,7,chemical
RIMR,SAAVL,11,chemical
RIMR,SAAVR,8,chemical
RIMR,SIADR,1,electrical
RIMR,SMDDL,9,chemical
RIMR,SMDDR,14,chemical
RIMR,SMDVL,2,chemical
RIMR,SMDVR,3,chemical
RIMR,VB1,2,chemical
RIPL,ADFL,2,electrical
RIPL,I1L,2,electrical
RIPL,IL1L,1,electrical
RIPL,OLQDR,2,chemical
RIPL,OLQVL,1,chemical
RIPL,RIH,2,chemical
RIPL,RIPL,2,chemical
RIPL,RIPL,4,electrical
RIPL,RIPR,2,electrical
RIPL,RMED,2,electrical
RIPL,URAVL,1,electrical
RIPR,AVBR,2,chemical
RIPR,I1R,2,electrical
RIPR,OLQDR,3,chemical
RIPR,OLQVR,2,chemical
RIPR,RIH,1,chemical
RIPR,RIPL,2,electrical
RIPR,RMED,4,electrical
RIPR,URAVR,1,chemical
RIR,ADAR,1,chemical
RIR,ADFL,1,chemical
RIR,ADFR,4,chemical
RIR,AFDR,1,chemical
RIR,AIMR,1,chemical
RIR,AIZL,12,chemical
RIR,AIZR,15,chemical
RIR,AQR,2,chemical
RIR,ASHL,1,chemical
RIR,ASHR,1,chemical
RIR,AUAL,7,chemical
RIR,AVEL,4,chemical
RIR,AWBR,1,chemical
RIR,BAGL,4,electrical
RIR,BAGR,1,chemical
RIR,BAGR,5,electrical
RIR,DVA,9,chemical
RIR,HSNL,1,chemical
RIR,PVPL,2,chemical
RIR,PVPR,1,chemical
RIR,RIAL,11,chemical
RIR,RIAR,4,chemical
RIR,RIGL,2,chemical
RIR,RIGR,4,chemical
RIR,RMGL,1,chemical
RIR,RMGR,1,chemical
RIR,URXL,9,chemical
RIR,URXR,6,chemical
RIS,AIBL,1,electrical
RIS,AIBR,3,electrical
RIS,AVEL,17,chemical
RIS,AVEL,3,electrical
RIS,AVER,18,chemical
RIS,AVJL,15,electrical
RIS,AVKL,6,chemical
RIS,AVKR,13,chemical
RIS,AVL,9,chemical
RIS,CEPDL,4,chemical
RIS,CEPVL,7,chemical
RIS,CEPVR,4,chemical
RIS,OLLR,5,chemical
RIS,RIBL,8,chemical
RIS,RIBR,18,chemical
RIS,RIML,10,chemical
RIS,RIML,2,electrical
RIS,RIMR,15,chemical
RIS,RIMR,2,electrical
RIS,RIS,3,chemical
RIS,RMDDL,1,chemical
RIS,RMDDR,1,chemical
RIS,RMDL,10,chemical
RIS,RMDR,16,chemical
RIS,RMDR,1,electrical
RIS,RMEV,3,chemical
RIS,RMEV,1,electrical
RIS,SMDDL,1,chemical
RIS,SMDDL,2,electrical
RIS,SMDDR,6,chemical
RIS,SMDDR,5,electrical
RIS,SMDVL,1,chemical
RIS,SMDVL,2,electrical
RIS,SMDVR,1,chemical
RIS,URYDR,1,chemical
RIS,URYVL,1,chemical
RIS,URYVR,5,chemical
RIVL,ASGL,1,chemical
RIVL,ASGL,2,electrical
RIVL,ASJL,1,chemical
RIVL,ASJL,1,electrical
RIVL,RIAL,5,chemical
RIVL,RIAR,2,chemical
RIVL,RIVR,28,electrical
RIVL,RMDL,4,chemical
RIVL,RMDVL,5,chemical
RIVL,SAADR,11,chemical
RIVL,SAADR,2,electrical
RIVL,SDQR,5,electrical
RIVL,SIAVR,5,chemical
RIVL,SIBVR,1,electrical
RIVL,SMDDR,8,chemical
RIVL,SMDVL,2,chemical
RIVL,SMDVL,2,electrical
RIVR,AIBR,3,electrical
RIVR,RIAL,6,chemical
RIVR,RIAR,2,chemical
RIVR,RIVL,8,chemical
RIVR,RIVL,28,electrical
RIVR,RMDDL,1,chemical
RIVR,RMDR,4,chemical
RIVR,RMDVR,1,chemical
RIVR,RMHR,2,chemical
RIVR,SAADL,12,chemical
RIVR,SAADL,1,electrical
RIVR,SDQR,3,electrical
RIVR,SIAVL,5,chemical
RIVR,SIBVL,1,chemical
RIVR,SMBDL,1,chemical
RIVR,SMDDL,6,chemical
RIVR,SMDVR,3,chemical
RIVR,SMDVR,8,electrical
RMDDL,AVER,1,chemical
RMDDL,AVER,2,electrical
RMDDL,CEPVL,2,chemical
RMDDL,IL1DR,2,chemical
RMDDL,IL1R,9,chemical
RMDDL,IL1VL,1,electrical
RMDDL,OLQVL,3,electrical
RMDDL,RIAL,1,chemical
RMDDL,RIAR,1,electrical
RMDDL,RMDL,1,electrical
RMDDL,RMDVL,1,chemical
RMDDL,RMDVL,2,electrical
RMDDL,RMDVR,22,chemical
RMDDL,RMEV,2,chemical
RMDDL,RMHL,1,chemical
RMDDL,SIBDR,1,electrical
RMDDL,SMDDL,3,electrical
RMDDR,ALML,2,electrical
RMDDR,RIAR,1,electrical
RMDDR,RMDDL,1,chemical
RMDDR,RMDL,1,electrical
RMDDR,RMDVL,26,chemical
RMDDR,RMDVR,3,chemical
RMDDR,RMDVR,5,electrical
RMDDR,RMGL,1,electrical
RMDDR,SAADR,1,electrical
RMDDR,SIADL,1,electrical
RMDDR,SMDDR,1,electrical
RMDL,ADEL,1,chemical
RMDL,ADER,3,chemical
RMDL,AVKR,1,chemical
RMDL,CEPVL,1,chemical
RMDL,IL1L,1,chemical
RMDL,IL1R,1,chemical
RMDL,IL2L,2,electrical
RMDL,OLLL,1,chemical
RMDL,OLLR,3,chemical
RMDL,RIAL,20,chemical
RMDL,RIAR,22,chemical
RMDL,RIBR,1,chemical
RMDL,RIML,3,chemical
RMDL,RIML,1,electrical
RMDL,RIS,1,chemical
RMDL,RIVL,1,chemical
RMDL,RMDDL,1,electrical
RMDL,RMDDR,7,chemical
RMDL,RMDDR,1,electrical
RMDL,RMDR,8,chemical
RMDL,RMDVL,2,chemical
RMDL,RMDVL,1,electrical
RMDL,RMDVR,3,chemical
RMDL,RMER,3,chemical
RMDL,RMER,1,electrical
RMDL,RMFR,1,chemical
RMDL,RMHL,3,chemical
RMDL,RMHR,1,chemical
RMDL,SIAVR,1,electrical
RMDL,SIBDR,3,chemical
RMDL,SIBVL,2,electrical
RMDL,SMBVR,2,chemical
RMDL,SMDDL,2,electrical
RMDL,SMDDR,1,chemical
RMDL,URXR,1,chemical
RMDR,AVAR,2,electrical
RMDR,AVER,5,electrical
RMDR,AVKR,1,chemical
RMDR,IL1L,2,chemical
RMDR,OLLR,2,chemical
RMDR,RIAL,14,chemical
RMDR,RIAR,21,chemical
RMDR,RIMR,1,chemical
RMDR,RIS,1,chemical
RMDR,RIS,1,electrical
RMDR,RMDDL,6,chemical
RMDR,RMDL,11,chemical
RMDR,RMDVL,9,chemical
RMDR,RMDVR,1,electrical
RMDR,RMGL,1,chemical
RMDR,SIAVL,1,chemical
RMDR,SMDDR,1,chemical
RMDVL,AUAL,2,electrical
RMDVL,AVER,2,chemical
RMDVL,AVER,1,electrical
RMDVL,CEPDL,2,chemical
RMDVL,IL1R,2,chemical
RMDVL,IL2VR,1,chemical
RMDVL,OLQDL,1,electrical
RMDVL,OLQVR,3,chemical
RMDVL,OLQVR,2,electrical
RMDVL,RMDDL,2,electrical
RMDVL,RMDDR,41,chemical
RMDVL,RMDL,1,electrical
RMDVL,RMDR,2,chemical
RMDVL,RMDVR,1,chemical
RMDVL,SAAVL,3,electrical
RMDVL,SIAVR,2,chemical
RMDVL,SIAVR,1,electrical
RMDVL,SIBVR,1,chemical
RMDVL,URYVR,1,chemical
RMDVR,AFDR,1,electrical
RMDVR,AVAR,1,chemical
RMDVR,AVAR,1,electrical
RMDVR,AVEL,2,electrical
RMDVR,AVER,7,electrical
RMDVR,IL1DR,1,chemical
RMDVR,IL1DR,1,electrical
RMDVR,IL1L,1,chemical
RMDVR,OLQDR,1,electrical
RMDVR,OLQVL,2,chemical
RMDVR,RIAR,1,chemical
RMDVR,RMDDL,43,chemical
RMDVR,RMDDR,5,electrical
RMDVR,RMDR,1,electrical
RMDVR,RMDVR,2,chemical
RMDVR,SAADL,1,electrical
RMDVR,SAAVR,9,electrical
RMDVR,SIAVL,2,chemical
RMDVR,SIAVL,1,electrical
RMDVR,SIBDR,1,chemical
RMDVR,SIBVL,1,chemical
RMDVR,SMBDR,1,chemical
RMDVR,SMDVR,8,electrical
RMDVR,URAVL,8,chemical
RMDVR,URYVL,2,chemical
RMED,AIBL,2,electrical
RMED,IL1VL,3,electrical
RMED,IL2DR,1,electrical
RMED,RIBL,1,chemical
RMED,RIBR,1,chemical
RMED,RIPL,2,electrical
RMED,RIPR,4,electrical
RMED,RMED,1,chemical
RMED,RMEV,6,electrical
RMED,SMDDL,1,chemical
RMED,SMDDR,4,chemical
RMEL,IL1R,2,chemical
RMEL,OLLR,1,chemical
RMEL,RIGL,2,electrical
RMEL,RIPR,1,chemical
RMEL,RMEV,1,chemical
RMEL,RMEV,4,electrical
RMER,IL1L,4,chemical
RMER,IL1L,1,electrical
RMER,IL2L,2,electrical
RMER,RMDL,1,electrical
RMER,RMER,5,chemical
RMER,RMEV,1,electrical
RMER,RMHR,3,chemical
RMEV,AVEL,1,electrical
RMEV,AVER,1,electrical
RMEV,IL1DL,1,electrical
RMEV,IL1DR,4,electrical
RMEV,PVT,1,electrical
RMEV,RIBL,2,electrical
RMEV,RIBR,2,chemical
RMEV,RIH,2,chemical
RMEV,RIS,1,chemical
RMEV,RIS,1,electrical
RMEV,RMDDL,1,chemical
RMEV,RMDDR,1,chemical
RMEV,RMED,1,chemical
RMEV,RMED,6,electrical
RMEV,RMEL,4,electrical
RMEV,RMER,1,electrical
RMEV,SMDDR,1,chemical
RMEV,SMDVL,1,chemical
RMEV,SMDVL,1,electrical
RMFL,AVKL,9,chemical
RMFL,AVKR,14,chemical
RMFL,BAGL,1,chemical
RMFL,DVC,1,chemical
RMFL,PVT,3,chemical
RMFL,RIBR,1,chemical
RMFL,RIGL,1,electrical
RMFL,RIGR,1,electrical
RMFL,RIML,3,electrical
RMFL,RIMR,2,chemical
RMFL,RIS,1,chemical
RMFL,RMDR,13,chemical
RMFL,RMHL,2,chemical
RMFL,SAADR,1,electrical
RMFL,SAAVR,1,chemical
RMFL,SAAVR,1,electrical
RMFL,SMDVL,1,chemical
RMFR,AVKL,7,chemical
RMFR,AVKR,9,chemical
RMFR,DVC,2,chemical
RMFR,RIH,1,chemical
RMFR,RMDL,6,chemical
RMFR,RMDR,1,chemical
RMGL,ADAL,4,chemical
RMGL,ADLL,1,chemical
RMGL,ADLL,3,electrical
RMGL,AIBR,2,chemical
RMGL,AIML,3,chemical
RMGL,ALML,3,electrical
RMGL,ASHL,1,chemical
RMGL,ASHL,3,electrical
RMGL,AVAL,3,chemical
RMGL,AVBR,3,chemical
RMGL,AVEL,2,chemical
RMGL,AVEL,2,electrical
RMGL,AVFR,1,chemical
RMGL,AVFR,1,electrical
RMGL,AWBL,1,electrical
RMGL,CEPDL,1,chemical
RMGL,IL2L,5,electrical
RMGL,PVPL,1,chemical
RMGL,RID,2,chemical
RMGL,RIFL,1,chemical
RMGL,RIVR,1,chemical
RMGL,RMDDR,1,chemical
RMGL,RMDDR,1,electrical
RMGL,RMDL,2,chemical
RMGL,RMDR,16,chemical
RMGL,RMDVL,15,chemical
RMGL,RMHL,1,chemical
RMGL,RMHL,6,electrical
RMGL,RMHR,4,chemical
RMGL,SAADL,1,chemical
RMGL,SIADL,2,chemical
RMGL,SIADR,2,chemical
RMGL,SIAVL,4,chemical
RMGL,SIBDL,5,chemical
RMGL,SIBVR,4,chemical
RMGL,SMBVL,2,chemical
RMGL,SMDDL,1,chemical
RMGL,SMDDR,2,chemical
RMGL,URXL,3,chemical
RMGL,URXL,3,electrical
RMGR,ADAR,2,chemical
RMGR,ADER,2,chemical
RMGR,AIMR,2,chemical
RMGR,ALMR,1,chemical
RMGR,ALNR,4,chemical
RMGR,ALNR,1,electrical
RMGR,ASHR,1,chemical
RMGR,ASHR,3,electrical
RMGR,ASKR,1,electrical
RMGR,AVAL,1,chemical
RMGR,AVBL,2,chemical
RMGR,AVBR,3,chemical
RMGR,AVDL,2,chemical
RMGR,AVER,6,chemical
RMGR,AVJL,4,chemical
RMGR,AWBR,1,electrical
RMGR,IL2DR,1,chemical
RMGR,IL2R,2,chemical
RMGR,IL2R,1,electrical
RMGR,OLLR,1,chemical
RMGR,PVPR,3,electrical
RMGR,RIFR,1,electrical
RMGR,RIGR,2,chemical
RMGR,RIR,1,chemical
RMGR,RMDDL,1,chemical
RMGR,RMDL,20,chemical
RMGR,RMDR,7,chemical
RMGR,RMDVR,23,chemical
RMGR,RMHL,1,electrical
RMGR,RMHR,4,electrical
RMGR,SAADL,3,chemical
RMGR,SIADL,1,chemical
RMGR,SIAVR,2,chemical
RMGR,SIBVL,2,chemical
RMGR,SMBVR,1,chemical
RMGR,SMBVR,3,electrical
RMGR,URXR,3,chemical
RMGR,URXR,5,electrical
RMHL,AVAR,1,chemical
RMHL,IL1R,2,chemical
RMHL,RICL,1,chemical
RMHL,RICR,1,chemical
RMHL,RID,1,chemical
RMHL,RMDDL,2,chemical
RMHL,RMDR,1,chemical
RMHL,RMGL,6,electrical
RMHL,RMGR,1,electrical
RMHL,SAAVL,1,chemical
RMHL,SIBDR,1,chemical
RMHL,SIBVR,3,electrical
RMHL,SMDDL,1,electrical
RMHR,AIBR,3,chemical
RMHR,CEPVL,1,chemical
RMHR,RICR,1,electrical
RMHR,RMDL,4,chemical
RMHR,RMDR,1,chemical
RMHR,RMER,4,chemical
RMHR,RMGL,8,chemical
RMHR,RMGR,4,electrical
RMHR,RMHL,3,chemical
RMHR,SMDDL,3,chemical
SAADL,AIBL,1,chemical
SAADL,AVAL,17,chemical
SAADL,AVBR,1,chemical
SAADL,OLLR,4,chemical
SAADL,RIGL,1,chemical
SAADL,RIML,11,chemical
SAADL,RIMR,16,chemical
SAADL,RIVR,1,chemical
SAADL,RIVR,1,electrical
SAADL,RMDVR,1,chemical
SAADL,RMDVR,1,electrical
SAADL,RMFR,1,chemical
SAADL,SABD,2,chemical
SAADL,SDQR,1,electrical
SAADL,SIBDL,1,chemical
SAADL,SIBDR,1,chemical
SAADL,SIBVL,1,chemical
SAADL,SMBDL,3,electrical
SAADR,AIBL,1,chemical
SAADR,AIBR,1,chemical
SAADR,AVAL,1,chemical
SAADR,AVAR,26,chemical
SAADR,OLLL,3,chemical
SAADR,PLNL,1,chemical
SAADR,RIML,14,chemical
SAADR,RIMR,23,chemical
SAADR,RIVL,2,electrical
SAADR,RMDDR,1,electrical
SAADR,RMFL,5,chemical
SAADR,RMFL,1,electrical
SAADR,RMFR,1,chemical
SAADR,RMGL,1,chemical
SAADR,SABD,2,chemical
SAADR,SMBDR,2,chemical
SAADR,SMBVR,1,chemical
SAADR,SMDVL,5,chemical
SAAVL,AIBL,1,chemical
SAAVL,AVAL,56,chemical
SAAVL,DD1,1,chemical
SAAVL,OLLR,1,chemical
SAAVL,RIML,5,chemical
SAAVL,RIMR,33,chemical
SAAVL,RMDVL,3,electrical
SAAVL,RMFR,11,chemical
SAAVL,SAADR,5,chemical
SAAVL,SAAVR,1,electrical
SAAVL,SABD,1,chemical
SAAVL,SABD,3,electrical
SAAVL,SABVR,2,chemical
SAAVL,SMBDR,2,chemical
SAAVL,SMBDR,2,electrical
SAAVL,SMBVR,17,electrical
SAAVL,SMDDR,18,chemical
SAAVL,SMDVL,1,chemical
SAAVL,SMDVL,8,electrical
SAAVL,VA1,1,chemical
SAAVL,VA2,2,chemical
SAAVL,VA3,2,chemical
SAAVL,VA4,2,chemical
SAAVL,VB2,1,chemical
SAAVL,VD1,4,chemical
SAAVL,VD2,2,chemical
SAAVR,AIBR,1,chemical
SAAVR,ALNR,1,chemical
SAAVR,ASIR,1,chemical
SAAVR,AVAR,39,chemical
SAAVR,AVAR,1,electrical
SAAVR,AVBL,1,chemical
SAAVR,DVA,1,electrical
SAAVR,IL1DL,12,chemical
SAAVR,RIAR,1,chemical
SAAVR,RIAR,1,electrical
SAAVR,RIML,12,chemical
SAAVR,RIMR,7,chemical
SAAVR,RIPL,12,chemical
SAAVR,RMDVR,9,electrical
SAAVR,RMEV,1,chemical
SAAVR,RMFL,1,electrical
SAAVR,SAAVL,1,electrical
SAAVR,SAAVR,1,chemical
SAAVR,SABVL,2,chemical
SAAVR,SMBDL,1,chemical
SAAVR,SMBDL,1,electrical
SAAVR,SMBVL,16,electrical
SAAVR,SMDDL,17,chemical
SAAVR,SMDDL,4,electrical
SABD,AVAL,7,electrical
SABD,SAADL,4,chemical
SABD,SAADR,4,chemical
SABD,SAAVL,3,electrical
SABD,VA2,12,electrical
SABD,VA3,2,electrical
SABVL,AVAR,15,electrical
SABVL,RIGR,1,chemical
SABVL,SAAVR,4,chemical
SABVR,AVAL,8,electrical
SABVR,AVAR,2,electrical
SABVR,DD1,1,electrical
SABVR,SAAVL,4,chemical
SDQL,AIBR,2,chemical
SDQL,ALML,1,chemical
SDQL,AVAL,6,chemical
SDQL,AVAR,8,chemical
SDQL,AVBL,1,chemical
SDQL,AVBR,2,chemical
SDQL,AVDL,3,chemical
SDQL,AVEL,1,chemical
SDQL,DVA,1,chemical
SDQL,DVA,1,electrical
SDQL,FLPL,2,chemical
SDQL,FLPL,1,electrical
SDQL,PVCL,1,chemical
SDQL,RICR,3,chemical
SDQL,RIPR,1,chemical
SDQL,RIS,8,chemical
SDQL,RMFL,3,chemical
SDQL,SAADR,2,chemical
SDQL,SDQR,2,electrical
SDQL,SIADR,2,chemical
SDQL,SIADR,1,electrical
SDQL,SIBVL,1,chemical
SDQL,SMBDR,11,chemical
SDQR,ADLL,1,chemical
SDQR,AIBL,8,chemical
SDQR,AIBL,1,electrical
SDQR,ALML,1,chemical
SDQR,ALMR,2,electrical
SDQR,AVAL,8,chemical
SDQR,AVBL,23,chemical
SDQR,AVBL,1,electrical
SDQR,AVBR,19,chemical
SDQR,DVA,10,chemical
SDQR,DVA,1,electrical
SDQR,RICR,3,chemical
SDQR,RIVL,5,electrical
SDQR,RIVR,3,electrical
SDQR,RMHL,15,chemical
SDQR,RMHR,7,chemical
SDQR,SAADL,1,electrical
SDQR,SDQL,4,chemical
SDQR,SDQL,2,electrical
SDQR,SIADL,2,chemical
SDQR,SIAVR,1,electrical
SDQR,SIBDL,2,electrical
SDQR,SIBDR,1,chemical
SDQR,SMBVL,11,chemical
SIADL,ALNR,4,chemical
SIADL,AVDR,1,electrical
SIADL,AVFR,1,chemical
SIADL,RIBL,2,electrical
SIADL,RIML,1,electrical
SIADL,RMDDR,1,electrical
SIADL,RMDL,4,chemical
SIADL,SDQR,4,chemical
SIADL,SIBDL,4,chemical
SIADL,SIBVR,1,electrical
SIADL,SMBDL,18,chemical
SIADL,SMBDL,2,electrical
SIADL,SMDDL,17,chemical
SIADR,AIBL,1,electrical
SIADR,ALML,1,chemical
SIADR,AVAL,1,chemical
SIADR,CEPDL,1,chemical
SIADR,DVA,1,electrical
SIADR,FLPL,1,electrical
SIADR,IL1VR,1,chemical
SIADR,RIBR,3,electrical
SIADR,RIMR,1,electrical
SIADR,SDQL,4,chemical
SIADR,SDQL,1,electrical
SIADR,SIBDR,4,chemical
SIADR,SMBDR,17,chemical
SIADR,SMBDR,3,electrical
SIADR,SMDDR,17,chemical
SIADR,SMDDR,1,electrical
SIAVL,ADEL,1,chemical
SIAVL,AIBR,1,electrical
SIAVL,AVHR,1,electrical
SIAVL,IL2L,1,chemical
SIAVL,PLNL,10,chemical
SIAVL,RIAR,1,electrical
SIAVL,RIBL,1,electrical
SIAVL,RMDVR,1,electrical
SIAVL,SIBDL,2,electrical
SIAVL,SIBVL,2,electrical
SIAVL,SIBVR,2,chemical
SIAVL,SMBVL,2,chemical
SIAVL,SMDVR,10,chemical
SIAVR,DVA,1,electrical
SIAVR,PLNR,10,chemical
SIAVR,RIAR,1,electrical
SIAVR,RIBR,2,electrical
SIAVR,RMDL,1,chemical
SIAVR,RMDL,1,electrical
SIAVR,RMDVL,1,electrical
SIAVR,SDQR,1,electrical
SIAVR,SIBVL,2,chemical
SIAVR,SMBVR,2,chemical
SIAVR,SMDVL,10,chemical
SIBDL,AQR,1,chemical
SIBDL,AVBR,2,electrical
SIBDL,CEPDL,1,chemical
SIBDL,PVPL,1,chemical
SIBDL,RIBL,5,electrical
SIBDL,SDQR,2,electrical
SIBDL,SIADL,2,chemical
SIBDL,SIAVL,2,electrical
SIBDL,SIBVL,8,electrical
SIBDL,SMBVL,1,chemical
SIBDL,SMDDL,10,chemical
SIBDR,RIBR,2,electrical
SIBDR,RMDDL,1,electrical
SIBDR,SIADR,2,chemical
SIBDR,SIBVL,3,electrical
SIBDR,SIBVR,10,electrical
SIBDR,SMBDL,4,electrical
SIBDR,SMDDR,10,chemical
SIBVL,AIZR,1,electrical
SIBVL,ALNR,1,chemical
SIBVL,AVBL,2,electrical
SIBVL,PVCR,1,electrical
SIBVL,RIBL,1,electrical
SIBVL,RMDDL,1,chemical
SIBVL,RMDL,2,electrical
SIBVL,RMGR,1,chemical
SIBVL,SIAVL,2,electrical
SIBVL,SIAVR,5,chemical
SIBVL,SIBDL,8,electrical
SIBVL,SIBDR,3,electrical
SIBVL,SIBVR,1,electrical
SIBVL,SMBDL,1,electrical
SIBVL,SMBVL,2,electrical
SIBVL,SMDDL,1,chemical
SIBVL,SMDDL,3,electrical
SIBVL,SMDVL,22,chemical
SIBVL,SMDVL,1,electrical
SIBVR,ADLR,3,chemical
SIBVR,AIML,1,electrical
SIBVR,OLQVR,1,chemical
SIBVR,PLNL,1,chemical
SIBVR,RIBL,2,electrical
SIBVR,RIBR,6,electrical
SIBVR,RICL,3,chemical
SIBVR,RIVL,1,electrical
SIBVR,RMHL,3,electrical
SIBVR,RMHR,1,chemical
SIBVR,SIADL,1,electrical
SIBVR,SIAVL,5,chemical
SIBVR,SIAVR,1,chemical
SIBVR,SIBDR,10,electrical
SIBVR,SIBVL,1,electrical
SIBVR,SMBDL,1,electrical
SIBVR,SMDVR,22,chemical
SMBDL,AIZL,1,chemical
SMBDL,ALNR,1,chemical
SMBDL,AVKL,2,electrical
SMBDL,AVKR,1,electrical
SMBDL,RIH,2,chemical
SMBDL,RMED,4,chemical
SMBDL,SAADL,3,electrical
SMBDL,SAAVR,9,chemical
SMBDL,SAAVR,1,electrical
SMBDL,SDQR,18,chemical
SMBDL,SIADL,19,chemical
SMBDL,SIADL,2,electrical
SMBDL,SIAVL,3,chemical
SMBDL,SIBDR,4,electrical
SMBDL,SIBVL,1,electrical
SMBDL,SIBVR,1,electrical
SMBDL,SMBVL,2,chemical
SMBDL,SMDDL,7,chemical
SMBDR,ALML,1,electrical
SMBDR,ALNL,5,chemical
SMBDR,ALNL,3,electrical
SMBDR,AVAL,1,chemical
SMBDR,AVKL,2,electrical
SMBDR,AVKR,9,electrical
SMBDR,RIBR,2,electrical
SMBDR,RIVL,1,chemical
SMBDR,RMED,25,chemical
SMBDR,SAAVL,8,chemical
SMBDR,SAAVL,2,electrical
SMBDR,SDQL,18,chemical
SMBDR,SIADR,20,chemical
SMBDR,SIADR,3,electrical
SMBDR,SIAVR,1,chemical
SMBDR,SMBDL,3,chemical
SMBDR,SMBVR,2,electrical
SMBDR,SMDDR,4,chemical
SMBDR,SMDDR,1,electrical
SMBVL,AIML,1,chemical
SMBVL,AVBR,1,chemical
SMBVL,AVFL,1,chemical
SMBVL,AVHR,1,chemical
SMBVL,AVJR,1,chemical
SMBVL,AVKL,6,electrical
SMBVL,PLNL,5,chemical
SMBVL,PLNR,2,chemical
SMBVL,PVPL,1,chemical
SMBVL,RMDVR,1,chemical
SMBVL,RMEV,20,chemical
SMBVL,SAADL,16,chemical
SMBVL,SAAVR,16,electrical
SMBVL,SIAVL,1,chemical
SMBVL,SIBVL,2,electrical
SMBVL,SMBDL,2,chemical
SMBVR,ADFR,1,electrical
SMBVR,ADLR,2,chemical
SMBVR,AIMR,1,electrical
SMBVR,AVHL,2,chemical
SMBVR,AVKL,2,electrical
SMBVR,AVKR,6,electrical
SMBVR,CEPVR,8,chemical
SMBVR,PLNL,5,chemical
SMBVR,PLNR,5,chemical
SMBVR,PVR,2,chemical
SMBVR,RIAR,1,chemical
SMBVR,RMDL,2,chemical
SMBVR,RMDR,3,chemical
SMBVR,RMEV,8,chemical
SMBVR,RMGR,3,chemical
SMBVR,RMGR,3,electrical
SMBVR,SAADR,12,chemical
SMBVR,SAAVL,17,electrical
SMBVR,SIAVR,1,chemical
SMBVR,SMBDR,2,chemical
SMBVR,SMBDR,2,electrical
SMBVR,URBR,1,electrical
SMDDL,AIBR,2,electrical
SMDDL,ALNR,1,electrical
SMDDL,AVEL,1,chemical
SMDDL,AVER,1,chemical
SMDDL,RIAL,9,chemical
SMDDL,RIAR,14,chemical
SMDDL,RIAR,1,electrical
SMDDL,RIBL,3,electrical
SMDDL,RIBR,4,electrical
SMDDL,RIML,2,chemical
SMDDL,RIMR,1,chemical
SMDDL,RIS,2,chemical
SMDDL,RIS,2,electrical
SMDDL,RIVR,1,chemical
SMDDL,RMDDL,3,electrical
SMDDL,RMDL,3,chemical
SMDDL,RMDL,2,electrical
SMDDL,RMDR,1,chemical
SMDDL,RMED,7,chemical
SMDDL,RMEV,1,chemical
SMDDL,RMHL,1,electrical
SMDDL,SAAVR,1,chemical
SMDDL,SAAVR,4,electrical
SMDDL,SIADL,14,chemical
SMDDL,SIBDL,14,chemical
SMDDL,SIBVL,2,chemical
SMDDL,SIBVL,3,electrical
SMDDL,SMBDL,3,chemical
SMDDL,SMDDR,1,chemical
SMDDL,SMDVR,17,chemical
SMDDR,AIBL,1,electrical
SMDDR,AIZR,2,chemical
SMDDR,ALNL,1,chemical
SMDDR,ALNL,2,electrical
SMDDR,ALNR,2,chemical
SMDDR,AVER,1,chemical
SMDDR,AVER,1,electrical
SMDDR,RIAL,5,chemical
SMDDR,RIAR,3,chemical
SMDDR,RIBL,1,chemical
SMDDR,RIBR,2,electrical
SMDDR,RIMR,3,chemical
SMDDR,RIS,3,chemical
SMDDR,RIS,5,electrical
SMDDR,RIVL,1,chemical
SMDDR,RMDDR,1,electrical
SMDDR,RMDR,1,chemical
SMDDR,RMED,5,chemical
SMDDR,SIADR,14,chemical
SMDDR,SIADR,1,electrical
SMDDR,SIBDR,14,chemical
SMDDR,SIBVR,3,chemical
SMDDR,SMBDR,3,chemical
SMDDR,SMBDR,1,electrical
SMDDR,SMDDL,4,chemical
SMDDR,SMDVL,5,chemical
SMDDR,SMDVL,1,electrical
SMDDR,VD1,5,electrical
SMDVL,ALNL,2,chemical
SMDVL,ALNL,1,electrical
SMDVL,ALNR,6,chemical
SMDVL,CEPVR,1,chemical
SMDVL,IL2L,1,chemical
SMDVL,PLNL,6,chemical
SMDVL,PVR,1,chemical
SMDVL,RIAL,19,chemical
SMDVL,RIAL,4,electrical
SMDVL,RIAR,31,chemical
SMDVL,RIBR,1,chemical
SMDVL,RIS,2,electrical
SMDVL,RIVL,6,chemical
SMDVL,RIVL,2,electrical
SMDVL,RMDDR,3,chemical
SMDVL,RMEV,1,chemical
SMDVL,RMEV,1,electrical
SMDVL,SAAVL,8,electrical
SMDVL,SIADR,1,chemical
SMDVL,SIAVR,30,chemical
SMDVL,SIBVL,30,chemical
SMDVL,SIBVL,1,electrical
SMDVL,SMDDR,22,chemical
SMDVL,SMDDR,1,electrical
SMDVL,SMDVR,2,chemical
SMDVR,ADFR,2,electrical
SMDVR,AIBR,1,chemical
SMDVR,AVAR,1,chemical
SMDVR,AVEL,1,electrical
SMDVR,AVER,1,chemical
SMDVR,CEPVL,1,chemical
SMDVR,PLNL,6,chemical
SMDVR,RIAL,24,chemical
SMDVR,RIAR,16,chemical
SMDVR,RIAR,1,electrical
SMDVR,RIML,1,chemical
SMDVR,RIVR,1,chemical
SMDVR,RIVR,8,electrical
SMDVR,RMDDL,3,chemical
SMDVR,RMDVR,8,electrical
SMDVR,RMED,9,chemical
SMDVR,SIAVL,30,chemical
SMDVR,SIBDR,30,chemical
SMDVR,SMDDL,14,chemical
SMDVR,SMDVL,1,chemical
SMDVR,VB1,1,chemical
URADL,IL1DL,4,chemical
URADL,IL2DL,1,electrical
URADL,RIH,3,chemical
URADL,RIPL,12,chemical
URADL,RMEL,8,chemical
URADR,IL1DR,3,chemical
URADR,IL2DR,1,electrical
URADR,RIPR,16,chemical
URADR,RMER,1,chemical
URADR,URYDR,1,chemical
URADR,URYDR,1,electrical
URAVL,AVER,1,chemical
URAVL,CEPVL,1,chemical
URAVL,CEPVL,3,electrical
URAVL,DVC,1,chemical
URAVL,IL1L,3,chemical
URAVL,IL1VL,6,chemical
URAVL,IL2L,1,electrical
URAVL,IL2VL,3,electrical
URAVL,PVT,1,electrical
URAVL,RIBL,1,chemical
URAVL,RIPL,15,chemical
URAVL,RIPL,1,electrical
URAVL,RMDDL,7,chemical
URAVL,RMDVR,1,chemical
URAVL,RMEL,8,chemical
URAVL,RMER,3,chemical
URAVL,RMEV,10,chemical
URAVR,ADAR,1,chemical
URAVR,IL1R,2,chemical
URAVR,IL1VR,9,chemical
URAVR,IL1VR,4,electrical
URAVR,IL2VR,3,chemical
URAVR,PVT,3,chemical
URAVR,RIH,1,chemical
URAVR,RIPR,13,chemical
URAVR,RMDDR,1,chemical
URAVR,RMDVL,1,chemical
URAVR,RMEL,1,chemical
URAVR,RMER,4,chemical
URAVR,RMEV,2,chemical
URAVR,URYVR,1,chemical
URBL,ADAL,3,chemical
URBL,ADFL,1,electrical
URBL,AFDL,9,electrical
URBL,AVBL,1,chemical
URBL,CEPDL,2,chemical
URBL,IL1L,10,chemical
URBL,IL1L,2,electrical
URBL,IL2L,4,electrical
URBL,OLLL,1,chemical
URBL,OLQDL,3,electrical
URBL,PVR,1,chemical
URBL,RICL,1,chemical
URBL,RICR,1,chemical
URBL,RMDDR,2,chemical
URBL,RMHR,5,chemical
URBL,SIADR,2,chemical
URBL,SIAVL,2,chemical
URBL,SIBVL,1,chemical
URBL,SMBDR,3,chemical
URBL,SMBVL,1,chemical
URBL,URBL,1,chemical
URBL,URXL,26,chemical
URBL,URYDL,1,chemical
URBR,ADAR,5,chemical
URBR,ADER,1,chemical
URBR,ADLR,2,chemical
URBR,AFDR,2,electrical
URBR,AVBR,1,chemical
URBR,AVDL,1,chemical
URBR,CEPDR,1,chemical
URBR,CEPVR,4,chemical
URBR,IL1DR,2,chemical
URBR,IL1R,5,chemical
URBR,IL2R,3,chemical
URBR,IL2R,4,electrical
URBR,OLLR,1,chemical
URBR,OLQDR,2,chemical
URBR,OLQDR,7,electrical
URBR,OLQVR,5,electrical
URBR,RICL,1,chemical
URBR,RICR,1,chemical
URBR,RMDL,1,chemical
URBR,RMDR,1,chemical
URBR,RMGR,8,chemical
URBR,SIADL,3,chemical
URBR,SIAVR,3,chemical
URBR,SIBDR,2,chemical
URBR,SIBVR,2,chemical
URBR,SMBDL,4,chemical
URBR,SMBVR,1,chemical
URBR,SMBVR,1,electrical
URBR,URXR,16,chemical
URXL,ADAL,6,chemical
URXL,ADFL,1,chemical
URXL,AIML,2,chemical
URXL,AIZL,1,chemical
URXL,ASHL,1,chemical
URXL,ASIL,1,chemical
URXL,AUAL,14,chemical
URXL,AVAL,1,chemical
URXL,AVBL,4,chemical
URXL,AVDR,1,chemical
URXL,AVEL,9,chemical
URXL,AVJR,4,chemical
URXL,BAGR,2,chemical
URXL,CEPDL,1,chemical
URXL,HSNR,1,chemical
URXL,IL1DL,2,chemical
URXL,IL2L,1,chemical
URXL,IL2L,1,electrical
URXL,OLQVL,2,chemical
URXL,RIAL,15,chemical
URXL,RICL,8,chemical
URXL,RIGL,6,chemical
URXL,RIR,1,chemical
URXL,RMGL,5,chemical
URXL,RMGL,3,electrical
URXL,URXL,3,chemical
URXR,ADAR,1,chemical
URXR,ADFR,4,chemical
URXR,ADLR,3,chemical
URXR,AIMR,3,chemical
URXR,ALMR,1,chemical
URXR,AUAR,21,chemical
URXR,AUAR,3,electrical
URXR,AVAR,2,chemical
URXR,AVBL,2,chemical
URXR,AVBR,3,chemical
URXR,AVER,2,chemical
URXR,AWBR,2,chemical
URXR,CEPDR,1,chemical
URXR,IL2R,4,electrical
URXR,OLQVR,2,chemical
URXR,RIAR,20,chemical
URXR,RICR,3,chemical
URXR,RICR,1,electrical
URXR,RIFR,3,chemical
URXR,RIGR,7,chemical
URXR,RIPR,10,chemical
URXR,RIR,4,chemical
URXR,RMDDL,2,chemical
URXR,RMDR,8,chemical
URXR,RMGR,6,chemical
URXR,RMGR,5,electrical
URXR,SIADL,2,chemical
URXR,SIAVR,4,chemical
URXR,SMBVR,7,chemical
URXR,URBR,8,chemical
URYDL,AIZL,1,chemical
URYDL,AVAL,2,electrical
URYDL,AVEL,1,chemical
URYDL,AVER,9,chemical
URYDL,IL1DL,3,chemical
URYDL,OLLL,3,chemical
URYDL,OLQDL,2,chemical
URYDL,RIBL,8,chemical
URYDL,RIGL,4,electrical
URYDL,RMDDR,15,chemical
URYDL,RMDVL,18,chemical
URYDL,SMDDL,2,chemical
URYDL,SMDDR,3,chemical
URYDR,AVAR,5,electrical
URYDR,AVBL,1,chemical
URYDR,AVEL,5,chemical
URYDR,AVER,2,chemical
URYDR,AWCL,1,chemical
URYDR,CEPDR,3,chemical
URYDR,IL1DR,5,chemical
URYDR,OLQDR,1,chemical
URYDR,RIBR,1,chemical
URYDR,RIGR,3,electrical
URYDR,RMDDL,9,chemical
URYDR,RMDVR,12,chemical
URYDR,RMED,7,chemical
URYDR,SMDDL,11,chemical
URYDR,SMDVR,3,chemical
URYDR,URADR,1,electrical
URYDR,URXR,1,chemical
URYVL,AVBR,1,chemical
URYVL,AVDR,2,chemical
URYVL,AVEL,8,chemical
URYVL,AVER,23,chemical
URYVL,AVJR,1,chemical
URYVL,CEPVL,3,chemical
URYVL,IL1VL,1,chemical
URYVL,OLLL,9,chemical
URYVL,OLLR,5,chemical
URYVL,OLQVL,9,chemical
URYVL,RIAL,2,chemical
URYVL,RIBL,9,chemical
URYVL,RIBR,3,chemical
URYVL,RID,4,chemical
URYVL,RIGL,3,electrical
URYVL,RIH,2,chemical
URYVL,RIS,1,chemical
URYVL,RMDDL,23,chemical
URYVL,RMDVR,17,chemical
URYVL,SIBVL,1,chemical
URYVL,SIBVR,4,chemical
URYVL,SMDVR,13,chemical
URYVL,URXL,2,chemical
URYVR,ADAR,1,chemical
URYVR,AVAL,2,chemical
URYVR,AVAL,2,electrical
URYVR,AVBL,5,chemical
URYVR,AVEL,26,chemical
URYVR,AVL,5,chemical
URYVR,CEPVR,1,chemical
URYVR,IL1VR,3,chemical
URYVR,RIAR,2,chemical
URYVR,RIBR,19,chemical
URYVR,RMDDR,32,chemical
URYVR,RMDL,2,chemical
URYVR,RMDVL,19,chemical
URYVR,SIBVL,5,chemical
URYVR,SIBVR,4,chemical
URYVR,SMBDR,1,chemical
URYVR,SMDVL,11,chemical
VA1,AVAL,5,electrical
VA1,AVAR,7,electrical
VA1,DA2,1,chemical
VA1,DA2,9,electrical
VA1,DD1,12,chemical
VA1,VD1,3,chemical
VA10,AS6,3,chemical
VA10,AS7,6,chemical
VA10,AVAL,6,electrical
VA10,AVAR,4,electrical
VA10,AVDL,1,electrical
VA10,DA8,2,electrical
VA10,DA9,1,electrical
VA10,DB7,1,electrical
VA10,DD5,9,chemical
VA10,DD6,9,chemical
VA10,PVDL,1,electrical
VA10,VB8,1,chemical
VA10,VB9,1,chemical
VA10,VD10,2,chemical
VA10,VD11,3,chemical
VA10,VD12,3,chemical
VA11,AS11,1,electrical
VA11,AS7,2,chemical
VA11,AS8,10,chemical
VA11,AS9,1,chemical
VA11,AVAL,2,electrical
VA11,AVAR,16,electrical
VA11,AVBL,1,electrical
VA11,AVBR,3,electrical
VA11,AVFL,1,electrical
VA11,AVHR,1,electrical
VA11,AVJR,2,electrical
VA11,DA9,3,electrical
VA11,DD6,19,chemical
VA11,DVA,1,electrical
VA11,PVCR,3,electrical
VA11,PVNR,1,chemical
VA11,PVPL,6,electrical
VA11,VA12,1,electrical
VA11,VB10,6,chemical
VA11,VB10,3,electrical
VA11,VD11,5,chemical
VA11,VD12,3,chemical
VA12,AS10,6,chemical
VA12,AS10,3,electrical
VA12,AS11,6,chemical
VA12,AS8,2,chemical
VA12,AS9,8,chemical
VA12,AVAL,3,chemical
VA12,AVAR,3,electrical
VA12,DA8,9,chemical
VA12,DA8,6,electrical
VA12,DA9,17,chemical
VA12,DA9,1,electrical
VA12,DB7,10,chemical
VA12,DD6,2,chemical
VA12,DD6,7,electrical
VA12,LUAL,2,chemical
VA12,PHCL,1,electrical
VA12,PHCR,1,chemical
VA12,PVCL,3,chemical
VA12,PVCL,18,electrical
VA12,PVCR,4,chemical
VA12,PVCR,8,electrical
VA12,PVPL,1,electrical
VA12,VA11,4,chemical
VA12,VA11,1,electrical
VA12,VB11,4,chemical
VA12,VB11,7,electrical
VA12,VD12,7,chemical
VA12,VD12,8,electrical
VA12,VD13,12,chemical
VA12,VD13,6,electrical
VA2,AVAL,1,chemical
VA2,AVAL,13,electrical
VA2,DA3,1,electrical
VA2,DD1,20,chemical
VA2,PLNL,2,electrical
VA2,SAAVL,1,chemical
VA2,SABD,12,electrical
VA2,VA1,2,chemical
VA2,VA3,2,chemical
VA2,VA6,1,electrical
VA2,VB1,1,chemical
VA2,VB2,1,chemical
VA2,VD1,1,chemical
VA2,VD2,27,chemical
VA2,VD2,1,electrical
VA3,AS1,3,electrical
VA3,AS2,2,electrical
VA3,AVAL,6,electrical
VA3,AVAR,3,electrical
VA3,DA4,1,electrical
VA3,DD1,18,chemical
VA3,DD2,10,chemical
VA3,SABD,2,electrical
VA3,VA4,2,chemical
VA3,VB2,1,chemical
VA3,VB3,3,chemical
VA3,VD2,3,chemical
VA3,VD3,11,chemical
VA3,VD3,1,electrical
VA4,AS2,9,electrical
VA4,AVAL,6,electrical
VA4,AVAR,1,chemical
VA4,AVAR,3,electrical
VA4,AVDL,1,chemical
VA4,AVER,1,chemical
VA4,DD2,17,chemical
VA4,VA7,1,electrical
VA4,VB3,8,chemical
VA4,VB3,1,electrical
VA4,VB4,1,chemical
VA4,VD4,8,chemical
VA5,AVAL,5,electrical
VA5,AVAR,4,electrical
VA5,DD2,6,chemical
VA5,DD3,17,chemical
VA5,VA6,2,chemical
VA5,VB4,1,chemical
VA5,VD5,9,chemical
VA6,AS1,13,chemical
VA6,AS1,3,electrical
VA6,AS2,1,chemical
VA6,AVAL,13,electrical
VA6,AVAR,1,chemical
VA6,DA2,3,electrical
VA6,DA3,1,electrical
VA6,DD3,21,chemical
VA6,VA2,1,electrical
VA6,VA5,2,chemical
VA6,VB4,1,chemical
VA6,VB5,7,chemical
VA6,VD5,3,chemical
VA6,VD6,6,chemical
VA7,AS1,1,chemical
VA7,AS2,10,chemical
VA7,AS3,3,chemical
VA7,AVAL,2,electrical
VA7,AVAR,5,electrical
VA7,DD3,3,chemical
VA7,DD4,17,chemical
VA7,VA4,1,electrical
VA7,VB6,1,chemical
VA7,VD6,2,chemical
VA7,VD7,13,chemical
VA8,AS2,1,chemical
VA8,AS3,4,chemical
VA8,AS4,11,chemical
VA8,AS5,3,chemical
VA8,AVAL,2,electrical
VA8,AVAR,2,electrical
VA8,DD4,9,chemical
VA8,DD5,9,chemical
VA8,VB6,1,chemical
VA8,VD7,2,chemical
VA8,VD8,3,chemical
VA8,VD9,3,chemical
VA9,AS6,5,chemical
VA9,AS7,3,chemical
VA9,AVAL,4,electrical
VA9,AVAR,5,electrical
VA9,DD4,6,chemical
VA9,DD5,6,chemical
VA9,DD6,6,chemical
VA9,VB7,1,chemical
VA9,VB8,1,chemical
VA9,VD10,3,chemical
VA9,VD11,3,chemical
VA9,VD9,2,chemical
VB1,ADAL,5,chemical
VB1,AIBR,2,chemical
VB1,AVBL,1,electrical
VB1,AVFR,1,electrical
VB1,DD1,1,chemical
VB1,RIML,10,chemical
VB1,RMFL,10,chemical
VB1,SAADL,18,chemical
VB1,SMBVL,3,chemical
VB1,VA1,7,chemical
VB1,VA2,2,chemical
VB1,VA3,2,chemical
VB1,VA4,2,chemical
VB1,VB2,2,electrical
VB1,VD1,4,chemical
VB1,VD2,2,chemical
VB10,AVBL,3,electrical
VB10,AVBR,4,electrical
VB10,AVKL,1,electrical
VB10,DD6,19,chemical
VB10,PDEL,1,electrical
VB10,PDER,4,electrical
VB10,PVCL,2,electrical
VB10,PVCR,1,electrical
VB10,PVT,1,chemical
VB10,VA11,3,chemical
VB10,VA11,3,electrical
VB10,VB11,4,electrical
VB10,VB9,5,electrical
VB10,VD11,7,chemical
VB10,VD11,1,electrical
VB10,VD12,6,chemical
VB10,VD12,1,electrical
VB11,AS11,1,electrical
VB11,AVAL,2,electrical
VB11,AVBL,5,electrical
VB11,AVBR,6,electrical
VB11,DA9,1,electrical
VB11,DD6,19,chemical
VB11,PDEL,4,electrical
VB11,PVCL,4,electrical
VB11,PVCR,1,chemical
VB11,PVCR,2,electrical
VB11,PVWL,1,chemical
VB11,PVWR,1,chemical
VB11,VA12,5,chemical
VB11,VA12,7,electrical
VB11,VB10,4,electrical
VB11,VD12,2,chemical
VB11,VD13,22,chemical
VB2,AVBL,14,electrical
VB2,AVBR,6,electrical
VB2,AVEL,1,chemical
VB2,DD1,30,chemical
VB2,DD2,1,chemical
VB2,VA2,5,chemical
VB2,VA3,11,chemical
VB2,VB1,2,electrical
VB2,VB3,10,electrical
VB2,VB4,1,electrical
VB2,VC2,1,chemical
VB2,VD2,14,chemical
VB2,VD3,4,chemical
VB3,AVBR,7,electrical
VB3,DB1,5,electrical
VB3,DD2,36,chemical
VB3,VA4,10,chemical
VB3,VA4,1,electrical
VB3,VA5,1,chemical
VB3,VB2,10,electrical
VB3,VB4,1,electrical
VB3,VD3,4,chemical
VB3,VD4,6,chemical
VB4,AVBL,3,electrical
VB4,AVBR,5,electrical
VB4,AVG,1,chemical
VB4,DB2,1,electrical
VB4,DD2,7,chemical
VB4,DD3,13,chemical
VB4,DVA,1,electrical
VB4,VA4,1,chemical
VB4,VA5,1,chemical
VB4,VB2,1,electrical
VB4,VB3,1,electrical
VB4,VB5,1,chemical
VB4,VB5,1,electrical
VB4,VD4,1,chemical
VB4,VD5,3,chemical
VB5,AVBL,3,electrical
VB5,AVBR,3,electrical
VB5,DD3,34,chemical
VB5,VA6,2,chemical
VB5,VB4,1,electrical
VB5,VB6,5,electrical
VB5,VD6,10,chemical
VB6,AVBL,3,electrical
VB6,AVBR,4,electrical
VB6,DB3,1,electrical
VB6,DD4,32,chemical
VB6,PVNR,1,chemical
VB6,VA7,3,chemical
VB6,VA8,2,chemical
VB6,VB5,5,electrical
VB6,VB7,5,electrical
VB6,VD6,1,chemical
VB6,VD7,22,chemical
VB7,AVBL,4,electrical
VB7,AVBR,3,electrical
VB7,DD5,29,chemical
VB7,VA10,1,chemical
VB7,VA9,1,chemical
VB7,VB6,5,electrical
VB7,VB8,5,electrical
VB7,VD8,5,chemical
VB7,VD9,6,chemical
VB8,AVBL,3,electrical
VB8,AVBR,4,electrical
VB8,DD5,10,chemical
VB8,DD6,19,chemical
VB8,VA11,2,chemical
VB8,VB7,5,electrical
VB8,VB9,5,electrical
VB8,VD10,6,chemical
VB8,VD9,5,chemical
VB9,AVBL,4,electrical
VB9,AVBR,3,electrical
VB9,DD5,10,chemical
VB9,DD6,19,chemical
VB9,PDER,7,electrical
VB9,VA11,2,chemical
VB9,VB10,5,electrical
VB9,VB8,5,electrical
VB9,VD10,5,chemical
VB9,VD11,6,chemical
VC1,AVFL,1,chemical
VC1,AVL,2,chemical
VC1,DD1,6,chemical
VC1,DD1,1,electrical
VC1,DD2,8,chemical
VC1,DD3,8,chemical
VC1,DVC,1,chemical
VC1,PVPR,1,chemical
VC1,PVPR,1,electrical
VC1,PVT,4,chemical
VC1,VC2,4,chemical
VC1,VC2,12,electrical
VC1,VC3,2,chemical
VC1,VC3,7,electrical
VC1,VD1,5,chemical
VC1,VD2,1,chemical
VC1,VD3,2,chemical
VC1,VD4,4,chemical
VC1,VD5,4,chemical
VC1,VD6,1,chemical
VC2,DB4,1,chemical
VC2,DD1,6,chemical
VC2,DD2,4,chemical
VC2,DD3,8,chemical
VC2,DVC,3,chemical
VC2,PVCL,1,chemical
VC2,PVPR,1,chemical
VC2,PVQR,1,chemical
VC2,PVT,6,chemical
VC2,VC1,3,chemical
VC2,VC1,12,electrical
VC2,VC2,1,electrical
VC2,VC3,4,chemical
VC2,VC3,3,electrical
VC2,VD1,2,chemical
VC2,VD1,1,electrical
VC2,VD2,3,chemical
VC2,VD4,6,chemical
VC2,VD5,4,chemical
VC2,VD6,2,chemical
VC3,AVBL,1,chemical
VC3,AVJL,1,chemical
VC3,AVL,1,chemical
VC3,DD1,1,chemical
VC3,DD2,3,chemical
VC3,DD3,5,chemical
VC3,HSNR,1,chemical
VC3,PVNR,1,chemical
VC3,PVPR,2,chemical
VC3,PVQR,2,chemical
VC3,PVT,5,chemical
VC3,PVT,1,electrical
VC3,SABVL,1,chemical
VC3,VB2,1,chemical
VC3,VB4,1,chemical
VC3,VC1,5,chemical
VC3,VC1,7,electrical
VC3,VC2,2,chemical
VC3,VC2,3,electrical
VC3,VC4,4,electrical
VC3,VD1,2,chemical
VC3,VD2,1,chemical
VC3,VD3,2,chemical
VC3,VD4,3,chemical
VC3,VD5,3,chemical
VC3,VD6,5,chemical
VC3,VD7,8,chemical
VC4,AVBR,1,chemical
VC4,AVHR,1,chemical
VC4,VC3,1,chemical
VC4,VC3,4,electrical
VC4,VC5,2,chemical
VC4,VC5,4,electrical
VC5,AVFL,2,chemical
VC5,AVFL,1,electrical
VC5,AVFR,1,chemical
VC5,DVC,3,chemical
VC5,HSNL,1,chemical
VC5,HSNR,3,chemical
VC5,PVR,1,chemical
VC5,PVT,1,chemical
VC5,VC4,4,chemical
VC5,VC4,4,electrical
VC5,VC5,6,chemical
VC5,VC6,4,electrical
VC6,AVG,1,chemical
VC6,AVL,2,chemical
VC6,AVL,2,electrical
VC6,DD6,2,chemical
VC6,DVC,1,electrical
VC6,PVNR,2,chemical
VC6,PVNR,1,electrical
VC6,PVPR,1,electrical
VC6,PVT,2,electrical
VC6,VC5,4,electrical
VC6,VD11,5,chemical
VC6,VD12,3,chemical
VC6,VD12,1,electrical
VD1,DD1,2,chemical
VD1,DVC,2,electrical
VD1,RIGL,3,electrical
VD1,RIGR,2,electrical
VD1,SAAVL,1,chemical
VD1,SMDDR,5,electrical
VD1,VA1,8,chemical
VD1,VB1,5,chemical
VD1,VC2,1,electrical
VD1,VD2,4,electrical
VD10,VA10,2,chemical
VD10,VB9,1,chemical
VD10,VD11,6,electrical
VD10,VD9,6,electrical
VD11,AVAR,2,chemical
VD11,AVAR,1,electrical
VD11,AVL,1,electrical
VD11,DA7,2,electrical
VD11,DD6,2,chemical
VD11,DD6,3,electrical
VD11,DVB,2,electrical
VD11,DVC,1,electrical
VD11,PVPL,1,electrical
VD11,PVT,1,chemical
VD11,PVT,3,electrical
VD11,VA11,2,chemical
VD11,VB10,1,chemical
VD11,VB10,1,electrical
VD11,VD10,6,electrical
VD11,VD12,6,electrical
VD12,AVFL,3,electrical
VD12,AVHL,8,electrical
VD12,AVHR,13,electrical
VD12,AVL,2,electrical
VD12,DD6,2,chemical
VD12,DD6,14,electrical
VD12,PVCR,1,electrical
VD12,PVNL,1,electrical
VD12,PVPR,35,electrical
VD12,PVT,4,electrical
VD12,PVWL,6,electrical
VD12,VA11,3,chemical
VD12,VA12,13,chemical
VD12,VA12,8,electrical
VD12,VB10,1,electrical
VD12,VB11,1,chemical
VD12,VC6,1,electrical
VD12,VD11,6,electrical
VD12,VD13,6,electrical
VD13,AVAR,2,chemical
VD13,AVL,5,electrical
VD13,DA9,2,electrical
VD13,DD6,3,chemical
VD13,DD6,2,electrical
VD13,DVB,5,electrical
VD13,DVC,1,electrical
VD13,PDB,4,electrical
VD13,PVCL,1,electrical
VD13,PVCR,1,chemical
VD13,PVNR,1,electrical
VD13,PVPL,11,electrical
VD13,PVR,1,electrical
VD13,PVT,17,electrical
VD13,PVWL,1,chemical
VD13,PVWL,1,electrical
VD13,PVWR,2,electrical
VD13,VA12,11,chemical
VD13,VA12,6,electrical
VD13,VD12,1,chemical
VD13,VD12,6,electrical
VD2,AS1,1,chemical
VD2,AS1,23,electrical
VD2,AVEL,1,chemical
VD2,DD1,1,chemical
VD2,DD1,3,electrical
VD2,VA2,12,chemical
VD2,VA2,1,electrical
VD2,VB2,4,chemical
VD2,VD1,4,electrical
VD2,VD2,3,electrical
VD2,VD3,7,electrical
VD3,DD1,6,chemical
VD3,DD1,4,electrical
VD3,DD2,1,electrical
VD3,VA3,4,chemical
VD3,VA3,1,electrical
VD3,VB2,2,chemical
VD3,VB3,1,chemical
VD3,VD2,7,electrical
VD3,VD4,6,electrical
VD4,DD2,2,electrical
VD4,VA4,1,chemical
VD4,VB3,2,chemical
VD4,VD3,6,electrical
VD4,VD5,1,electrical
VD5,AVAR,1,chemical
VD5,DD2,1,electrical
VD5,SAAVL,1,chemical
VD5,VA5,2,chemical
VD5,VA6,1,chemical
VD5,VB1,1,chemical
VD5,VB4,2,chemical
VD5,VD4,1,electrical
VD5,VD6,10,electrical
VD6,AVAL,1,chemical
VD6,PVNR,1,chemical
VD6,VA6,3,chemical
VD6,VB5,1,chemical
VD6,VD5,10,electrical
VD6,VD7,15,electrical
VD7,VA7,2,chemical
VD7,VB6,2,chemical
VD7,VB7,1,chemical
VD7,VD6,15,electrical
VD7,VD8,6,electrical
VD8,VA8,2,chemical
VD8,VA9,1,chemical
VD8,VB7,2,chemical
VD8,VD7,6,electrical
VD8,VD9,6,electrical
VD9,PDER,5,electrical
VD9,PVDR,1,electrical
VD9,VA9,3,chemical
VD9,VB8,2,chemical
VD9,VD10,6,electrical
VD9,VD8,6,electrical
